number,string,,number,string,number,number,number,number,number,number,number,string,cmd,cmd,cmd,cmd,cmd,cmd,cmd,number,number;num,number;num,number;num,number;num,number;num,number;num,number;num,number;num,string,number,number,number;num,number;num,,cmd,,cmd,cmd,,,,
任务编号,名称,所属势力,任务等级,任务难度,单次任务,"重复任务每天
最大完成次数",重复任务每日前三次奖励加成,团队自动接受,团队共享,最小接受等级,最大接受等级,门派要求,额外接受要求,接受要求,任务接受后指令,额外完成要求,完成要求,任务完成指令,任务取消指令,完成时间限制,杀死npc,杀死npc数量,收集道具,收集道具数量,道具掉落npc,掉落道具,道具掉落率,最大掉落数量,交互类型,相关npc,相关npc数量,使用道具,使用道具数量,xxx,任务固定奖励,任务固定奖励,任务选择奖励,任务随机奖励,门派专有奖励,向导屏蔽,,
ID,,force,lev,dif,once,day_num,day_rate,team_accept,team_shared,accept_min_lev,accept_max_lev,accept_party,extra_accept_req,accept_req,accept_exe,extra_finish_req,finish_req,finish_exe,cancel_exe,time_limit,kill_npc_id,kill_npc_num,get_item_id,get_item_num,item_drop_npcid,item_drop_id,item_drop_rate,item_drop_num,related_type,related_npcid,related_npcnum,use_item_id,use_item_num,,reward_fix_exp,reward_fix,reward_select,reward_random,party_reward,mask,,
5,失落的物品,13,10,0,1,0,,,1,8,99,all,,GetTaskItemSpace >= 1,,,,,,0,0,0,221,1,135,221,1,1,,0,,0,99,16 ,AddExp(1680);AddNimbus(840);AddMoney(528),,,,,0,,
12,狼王的毁灭,13,6,1,1,0,,,1,4,99,all,,CheckTaskFinished(11),,GetItemSpace >= 2,,,,0,204;203,1;4,0,0,0,0,0,0,,0,,0,99,10 ,AddExp(850);AddNimbus(425);AddMoney(270),,,,"em;AddItemEx(94,0,1,1)
fm;AddItemEx(121,0,1,1)
qc;AddItemEx(592,0,1,1)
bh;AddItemEx(148,0,1,1)
xq;AddItemEx(670,0,1,1)",0,,
15,通缉强盗头子,13,10,1,1,0,,,1,8,99,all,,CheckTaskFinished(4),,,,,,0,126,1,0,0,0,0,0,0,,0,,0,99,13 ,AddExp(1365);AddNimbus(682);AddMoney(429),,,,,0,,
16,村民的怒火,13,9,0,1,0,,,1,7,99,all,,GetTaskItemSpace >= 1,,GetItemSpace >= 1,,,,0,211,1,0,0,0,0,0,0,,0,,0,99,10 ,AddExp(1000);AddNimbus(500);AddMoney(300),,,,"em;AddItemEx(76,0,1,1)
fm;AddItemEx(103,0,1,1)
qc;AddItemEx(574,0,1,1)
bh;AddItemEx(130,0,1,1)
xq;AddItemEx(652,0,1,1)",0,,
36,邪灵的终结,13,10,1,1,0,,,1,8,99,all,,"CheckTaskFinished(35)
GetTaskItemSpace >= 1",,,,,,0,224,1,351,1,224,351,1,1,,0,,0,99,14 ,AddExp(1470);AddNimbus(735);AddMoney(462),,,,,0,,
102,除祸巨蛇,14,11,1,1,0,,,1,9,99,all,,CheckTaskFinished(101),,GetItemSpace >= 1,,,,0,234;8,10;1,0,0,0,0,0,0,,0,,0,99,30 ,AddExp(3300);AddNimbus(1650);AddMoney(990),"AddItemEx(356,0,0,1)",,,,0,,
551,佛奴的黑手,11,1,0,1,0,,,1,1,99,all,,,,GetItemSpace >= 1,,,,0,0,0,3005,8,3110;3111,3005;3005,0.5;0.5,8;8,,0,,0,99,13 ,AddExp(780);AddNimbus(390);AddMoney(234),,,,"em;AddItem(202,1)
fm;AddItem(200,1)
bh;AddItem(202,1)
qc;AddItem(200,1)
xq;AddItem(200,1)",0,,
471,幸运戒指,13,5,0,1,,,,1,5,99,all,,,,GetItemSpace >= 2,,,,,2;216;219;228,5;5;5;1,0,0,0,0,0,0,,0,,0,99,15 ,AddExp(1200);AddNimbus(600);AddMoney(360),"AddItem (3918,1)
AddItemEx(3947,0,0,1)",,,,1,,
472,我的灰兔,15,20,0,1,,,,1,20,99,all,,,,GetItemSpace >= 2,,,,,19;23;26;86,10;10;10;10,0,0,0,0,0,0,,0,,0,99,40 ,AddExp(6200);AddNimbus(3100);AddMoney(1920),"AddItem (3919,1)
AddItemEx(3946,0,0,1)",,,,1,,
473,复活节彩蛋,15,30,0,1,,,,1,30,99,all,,,,GetItemSpace >= 2,,,,,35;188;297;304;309,1;20;1;20;1,0,0,0,0,0,0,,0,,0,99,55 ,AddExp(11275);AddNimbus(5638);AddMoney(3465),"AddItem (3920,1)
AddItemEx(3945,0,0,1)",,,,1,,
490,七彩宝石,29,50,0,1,,,,1,48,99,all,,,,GetItemSpace >= 1,,,,0,0,0,3728;3730;3732;3733;3734;404,20;20;20;20;20;1,0,0,0,0,,0,,0,99,,AddMoney(12000),"AddItemEx(4105,0,0,1)",,,,0,,
491,蓝色魔法,15,25,0,0,,,,1,25,99,all,,,,GetItemSpace >= 1,,,,0,0,0,3515;4108;4109;4110,8;1;1;1,0,0,0,0,,0,,0,99,,,"AddItemEx(4105,0,0,1)",,,,0,,
,,,,,,,,,,,,,,,,,,,,,,,,,,,,,,,,,,,,,,,,,,
1337,烈火令牌收集令,29,47,11,0,3,,,1,45,99,all,,,,GetItemSpace >= 1,,,,,4497;4494;4498;4501;4502,1;1;1;1;1,0,0,0,0,0,0,,0,,0,99,,,"AddItemEx(4164,0,0,1)",,,,,,
1338,神秘钥匙,29,47,11,0,,,,1,45,99,all,,,,GetItemSpace >= 1,,,,,0,0,4164,1,0,0,0,0,,0,,0,99,,,"AddItemEx(4163,0,0,1)",,,,,,
,,,,,,,,,,,,,,,,,,,,,,,,,,,,,,,,,,,,,,,,,,
900,难大师的祝福,13,1,0,0,,,,1,1,99,all,,,,,,,,0,0,0,0,0,0,0,0,0,,0,,0,99,,,,"AddEffect(2216)
AddEffect(2217)",,,,,
901,白鹰的力量,13,1,0,0,1,,,1,1,20,all,,,,,,,,0,0,0,0,0,0,0,0,0,,0,,0,99,,,AddEffect(2214),,,,,,
902,白鹰的力量,15,1,0,0,1,,,1,21,40,all,,,,,,,,0,0,0,0,0,0,0,0,0,,0,,0,99,,,AddEffect(2215),,,,,,
493,古墓碎片,33,57,11,0,3,,,1,55,99,all,,,,,,,,0,4611;4612;4614;4615;,1;1;1;1,0,0,0,0,0,0,,0,,0,99,,AddExp(0);AddNimbus(0);AddMoney(0),"AddItemEx(4179,0,0,1)",,,,,,
494,古墓钥匙,33,57,11,0,,,,1,58,99,all,,,,,,,,0,0,0,4179,1,0,0,0,0,,0,,0,99,,AddExp(0);AddNimbus(0);AddMoney(0),"AddItemEx(4178,0,0,1)",,,,,,
801,天化村守护者,13,20,1,1,0,,,1,20,99,all,,CheckTaskFinished(800),,,,,,0,126;204;211;224,1;1;1;1,0,0,0,0,0,0,,0,,0,99,32 ,AddExp(4960);AddNimbus(2480);AddMoney(1536),,,,,0,,
822,初生礼物,11,1,0,1,,,,1,1,99,all,,,,GetItemSpace >= 1,,,,0,3110,1,0,0,0,0,0,0,,0,,0,99,,,"AddItemEx(4432,0,0,1)",,,,,,
552,采集药草,11,2,0,1,0,,,1,2,99,all,,,,,,,,0,0,0,3006,2,3120,3006,1,2,,0,,0,99,19 ,AddExp(1235);AddNimbus(618);AddMoney(399),,,,,0,,
553,赶走山猿,11,3,0,1,0,,,1,3,99,all,,,,GetItemSpace >= 1,,,,0,3113,12,0,0,0,0,0,0,,0,,0,99,15 ,AddExp(1050);AddNimbus(525);AddMoney(315),,,,"em;AddItemEx(258,0,1,1)
fm;AddItemEx(267,0,1,1)
bh;AddItemEx(276,0,1,1)
qc;AddItemEx(601,0,1,1)
xq;AddItemEx(679,0,1,1)",0,,
554,收集泉水,11,3,0,1,0,,,1,3,99,all,,"CheckTaskFinished(553)
GetItemSpace >= 1","AddItem(3007,1)",,,"RemoveItem(3008,1)","RemoveItem(3008,1)",0,0,0,3008,1,0,0,0,0,,0,,0,99,7 ,AddExp(490);AddNimbus(245);AddMoney(147),,,,,0,,
555,送药,11,3,0,1,0,,,1,3,99,all,,"CheckTaskFinished(554)
GetTaskItemSpace >= 1","AddItem(3009,1)",,,"RemoveItem(3009,1)","RemoveItem(3009,1)",0,0,0,3009,1,0,0,0,0,,0,,0,99,7 ,AddExp(490);AddNimbus(245);AddMoney(147),,,,,0,,
557,剿灭大血精灵,11,4,0,1,0,,,1,4,99,all,,"CheckTaskFinished(556)
GetTaskItemSpace >= 1","AddItem(3010,3)",GetItemSpace >= 1,,"RemoveItem(3010,3)","RemoveItem(3010,3)",0,3119,1,0,0,0,0,0,0,,0,,0,99,13 ,AddExp(975);AddNimbus(488);AddMoney(312),,,,"em;AddItemEx(85,0,1,1)
fm;AddItemEx(112,0,1,1)
bh;AddItemEx(139,0,1,1)
qc;AddItemEx(583,0,1,1)
xq;AddItemEx(661,0,1,1)",0,,
558,血精灵的秘密,11,4,0,1,0,,,1,4,99,all,,CheckTaskFinished(557),,,,,,0,0,0,0,0,0,0,0,0,,0,,0,99,7 ,AddExp(525);AddNimbus(262);AddMoney(168),,,,,0,,
559,试练,11,5,0,1,0,,,0,5,99,all,,,,GetItemSpace >= 1,,,,0,0,0,0,0,0,0,0,0,4,3104,1,0,99,39 ,AddExp(3120);AddNimbus(1560);AddMoney(936),,,,"em;AddItemEx(64,0,202,1)
fm;AddItemEx(71,0,202,1)
bh;AddItemEx(72,0,202,1)
qc;AddItemEx(570,0,202,1)
xq;AddItemEx(648,0,202,1)",0,,
560,下山,11,5,0,1,0,,,1,5,99,all,,"CheckTaskFinished(559)
GetTaskItemSpace >= 1",AddItem(206),GetItemSpace >= 3,,"RemoveItem(206,1)","RemoveItem(206,1)",0,0,0,206,1,0,0,0,0,,0,,0,99,14 ,AddExp(1120);AddNimbus(560);AddMoney(336),"AddItemEx(3846,0,0,1)",,,"em;AddItemEx(4,0,152,1)
em;AddItemEx(14,0,152,1)
fm;AddItemEx(24,0,152,1)
fm;AddItemEx(34,0,152,1)
bh;AddItemEx(44,0,152,1)
bh;AddItemEx(54,0,152,1)
qc;AddItemEx(550,0,152,1)
qc;AddItemEx(560,0,152,1)
xq;AddItemEx(628,0,152,1)
xq;AddItemEx(638,0,152,1)",0,,
561,捕捉血精灵,11,3,0,1,0,,,1,3,99,xq,,GetItemSpace >= 1,AddItem(428),GetItemSpace >= 1,,"RemoveItem(428,1)","RemoveItem(428,1)",0,0,0,0,0,0,0,0,0,3,3118,1,0,99,8 ,AddExp(560);AddNimbus(280);AddMoney(168),"AddItem (801,1)",,,,0,,
60,探听虚实,18,6,0,1,0,,,1,5,99,all,,,,,,,,0,0,0,0,0,0,0,0,0,,0,,0,99,4 ,AddExp(340);AddNimbus(170);AddMoney(108),,,,,1,,
63,通缉流寇头领,18,6,1,1,0,,,1,5,99,all,,CheckTaskFinished(62),,,,,,0,339,1,407,1,339,407,1,1,,0,,0,99,7 ,AddExp(595);AddNimbus(298);AddMoney(189),,,,,1,,
67,追捕马贼头子,18,8,1,1,0,,,1,7,99,all,,CheckTaskFinished(66),,,,,,0,341,1,408,1,341,408,1,1,,0,,0,99,16 ,AddExp(1520);AddNimbus(760);AddMoney(480),,,,,1,,
70,育成碑文,18,8,0,1,0,,,1,7,99,all,,,,,,,,0,0,0,0,0,0,0,0,0,,0,,0,99,4 ,AddExp(380);AddNimbus(190);AddMoney(120),,,,,1,,
72,无眉密函,18,9,0,1,0,,,1,8,99,all,,CheckTaskFinished(71),,,,,,0,70,14,410,1,70,410,0.5,1,,0,,0,99,14 ,AddExp(1400);AddNimbus(700);AddMoney(420),,,,,1,,
76,误入歧途,18,10,1,1,0,,,1,9,99,all,,CheckTaskFinished(75),,GetItemSpace >= 1,,,,0,72;347,1;6,0,0,0,0,0,0,,0,,0,99,16 ,AddExp(1680);AddNimbus(840);AddMoney(528),,,,,1,,
6,致命的箭,13,9,0,1,0,,,1,7,99,all,,"CheckTaskFinished(26)
GetTaskItemSpace >= 1",,,,,,0,0,0,220,8,7,220,0.5,8,,0,,0,99,18 ,AddExp(1800);AddNimbus(900);AddMoney(540),,,,,0,,
11,袒护的山狼,13,5,0,1,0,,,1,4,99,all,,,,GetItemSpace >= 1,,,,0,2,10,0,0,0,0,0,0,,0,,0,99,12 ,AddExp(960);AddNimbus(480);AddMoney(288),,,,"em;AddItemEx(94,0,1,1)
fm;AddItemEx(121,0,1,1)
qc;AddItemEx(592,0,1,1)
bh;AddItemEx(148,0,1,1)
xq;AddItemEx(670,0,1,1)",0,,
25,村民的口粮,13,5,0,1,0,,,1,4,99,all,,GetTaskItemSpace >= 2,,GetItemSpace >= 1,,"RemoveItem(350,3)
RemoveItem(352,3)","RemoveItem(350,3)
RemoveItem(352,3)",0,0,0,350;352,3;3,216;217,350;352,0.5;0.5,3;3,,0,,0,99,15 ,AddExp(1200);AddNimbus(600);AddMoney(360),,,,"em;AddItemEx(285,0,1,1)
fm;AddItemEx(294,0,1,1)
qc;AddItemEx(610,0,1,1)
bh;AddItemEx(303,0,1,1)
xq;AddItemEx(688,0,1,1)",0,,
27,伤药,13,7,0,1,0,,,1,6,99,all,,GetTaskItemSpace >= 1,,GetItemSpace >= 1,,,,0,0,0,204,5,218,204,0.5,5,,0,,0,99,13 ,AddExp(1170);AddNimbus(585);AddMoney(351),"AddItemEx(248,0,102,1)",,,,0,,
28,瘟疫的散播,13,6,0,1,0,,,1,5,99,all,,,,,,,,0,220,8,0,0,0,0,0,0,,0,,0,99,11 ,AddExp(935);AddNimbus(468);AddMoney(297),,,,,0,,
29,游荡的幽灵,13,7,0,1,0,,,1,6,99,all,,CheckTaskFinished(28),,GetItemSpace >= 2,,,,0,226,8,0,0,0,0,0,0,,0,,0,99,11 ,AddExp(990);AddNimbus(495);AddMoney(297),,,,"em;AddItemEx(5,0,152,1)
em;AddItemEx(15,0,152,1)
fm;AddItemEx(25,0,152,1)
fm;AddItemEx(35,0,152,1)
bh;AddItemEx(45,0,152,1)
bh;AddItemEx(55,0,152,1)
qc;AddItemEx(551,0,152,1)
qc;AddItemEx(561,0,152,1)
xq;AddItemEx(629,0,152,1)
xq;AddItemEx(639,0,152,1)",0,,
32,草原豺狼,13,8,0,1,0,,,1,6,99,all,,,,,,,,0,227,12,0,0,0,0,0,0,,0,,0,99,16 ,AddExp(1520);AddNimbus(760);AddMoney(480),,,,,0,,
34,飞蛇的阻隘,13,9,0,1,0,,,1,7,99,all,,,,,,,,0,228,12,0,0,0,0,0,0,,0,,0,99,15 ,AddExp(1500);AddNimbus(750);AddMoney(450),,,,,0,,
37,寻找受伤熊猫人,14,10,0,1,0,,,1,10,99,all,,,,,,,,0,0,0,0,0,0,0,0,0,,0,,0,99,7 ,AddExp(735);AddNimbus(368);AddMoney(231),,,,,0,,
103,传书尼庵,14,12,0,1,0,,,1,10,99,all,,GetTaskItemSpace >= 1,AddItem(206),,,"RemoveItem(206,1)","RemoveItem(206,1)",0,0,0,206,1,41,206,1,1,,0,,0,99,6 ,AddExp(690);AddNimbus(345);AddMoney(216),,,,,0,,
806,望江亭之约,15,23,0,1,0,,,1,20,99,all,,CheckTaskFinished(805),,,,,,0,0,0,0,0,0,0,0,0,,0,,0,99,20 ,AddExp(3400);AddNimbus(1700);AddMoney(1020),,,,,0,,
119,"
鬼道伏诛",14,18,1,1,0,,,1,15,99,all,,CheckTaskFinished(117),,,,,,0,25,1,0,0,0,0,0,0,,0,,0,99,36 ,AddExp(5220);AddNimbus(2610);AddMoney(1620),,,,,0,,
123,寻找医师,14,14,0,1,0,,,1,13,99,all,,,,,,,,0,0,0,0,0,0,0,0,0,,0,,0,99,6 ,AddExp(750);AddNimbus(375);AddMoney(234),,,,,0,,
157,寻访隐士,15,23,0,1,0,,,1,20,99,all,,GetTaskItemSpace >= 1,AddItem(206),,,"RemoveItem(206,1)","RemoveItem(206,1)",0,0,0,206,1,0,0,0,0,,0,,0,99,5,AddExp(850);AddNimbus(425);AddMoney(255),,,,,0,,
160,穿云弩再出江湖,15,23,0,1,0,,,1,21,99,all,,,,,,,,0,0,0,0,0,0,0,0,0,,0,,0,99,10,AddExp(1700);AddNimbus(850);AddMoney(510),"AddItemEx(344,0,0,1)
AddItemEx(404,0,0,1)",,,,0,,
164,形迹可疑的大汉,15,24,1,1,0,,,1,22,99,all,,CheckTaskFinished(163),,GetItemSpace >= 1,,,,0,242,1,0,0,0,0,0,0,,0,,0,99,20,AddExp(3500);AddNimbus(1750);AddMoney(1080),,,,"em;AddItemEx(287,0,1,1)
fm;AddItemEx(296,0,1,1)
bh;AddItemEx(305,0,1,1)
qc;AddItemEx(612,0,1,1)
xq;AddItemEx(690,0,1,1)",0,,
188,探听消息,15,24,0,1,0,,,1,23,99,all,,CheckTaskFinished(159),,,,,,0,0,0,0,0,0,0,0,0,,0,,0,99,10,AddExp(1750);AddNimbus(875);AddMoney(540),,,,,0,,
190,出手相助,16,25,0,1,0,,,1,25,99,all,,CheckTaskFinished(165),,,,,,0,0,0,0,0,0,0,0,0,,0,,0,99,10,AddExp(1800);AddNimbus(900);AddMoney(540),,,,,0,,
191,速去速回,15,24,0,1,0,,,1,23,99,all,,"CheckTaskFinished(161)
GetTaskItemSpace >= 1",AddItem(214),,,"RemoveItem(214,1)","RemoveItem(214,1)",0,0,0,0,0,0,0,0,0,,0,,0,99,10,AddExp(1750);AddNimbus(875);AddMoney(540),,,,,0,,
168,慈云来敌,16,26,1,1,0,,,1,24,99,all,,,,,,,,0,56,1,0,0,0,0,0,0,,0,,0,99,20,AddExp(3700);AddNimbus(1850);AddMoney(1140),,,,,0,,
169,破金蚕,16,26,1,1,0,,,1,23,99,all,,,,,,,,0,37,1,0,0,0,0,0,0,,0,,0,99,20,AddExp(3700);AddNimbus(1850);AddMoney(1140),,,,,0,,
808,慈云寺阴谋,16,24,1,1,0,,,1,20,99,all,,CheckTaskFinished(807),,GetItemSpace >= 3,,,,0,69;123,1;1,0,0,0,0,0,0,,0,,0,99,50 ,AddExp(8750);AddNimbus(4375);AddMoney(2700),"AddItemEx(3969,0,0,1)
AddItemEx(3969,0,0,1)
AddItemEx(3969,0,0,1)",,,,0,,
170,灭绿袍,16,26,1,1,0,,,1,23,99,all,,CheckTaskFinished(169),,GetItemSpace >= 1,,,,0,90,1,0,0,0,0,0,0,,0,,0,99,20,AddExp(3700);AddNimbus(1850);AddMoney(1140),,,,"em;AddItemEx(314,0,1,1)
fm;AddItemEx(323,0,1,1)
bh;AddItemEx(332,0,1,1)
qc;AddItemEx(621,0,1,1)
xq;AddItemEx(699,0,1,1)",0,,
173,凶残的看守(副本),21,26,11,1,0,,,1,22,99,all,,,,GetItemSpace >= 1,,,,0,260,1,0,0,0,0,0,0,,0,,0,99,30,AddExp(5550);AddNimbus(2775);AddMoney(1710),"AddItemEx(3970,0,0,1)",,,,0,,
176,火烧慈云寺,16,27,0,1,0,,,1,25,99,all,,,,,,,,0,0,0,379,15,244,379,0.5,15,,0,,0,99,30,AddExp(5700);AddNimbus(2850);AddMoney(1710),,,,,0,,
184,慈云先锋,16,30,1,1,0,,,1,27,99,all,,,,,,,,0,35,1,0,0,0,0,0,0,,0,,0,99,20,AddExp(4100);AddNimbus(2050);AddMoney(1260),,,,,0,,
185,辟邪村大战,16,30,1,1,0,,,1,27,99,all,,,,,,,,0,38,1,0,0,0,0,0,0,,0,,0,99,30,AddExp(6150);AddNimbus(3075);AddMoney(1890),,,,,0,,
187,慈云寺内应,16,27,0,1,0,,,1,25,99,all,,,,,,,,0,0,0,0,0,0,0,0,0,,0,,0,99,10,AddExp(1900);AddNimbus(950);AddMoney(570),,,,,0,,
189,飞鸽传书,16,25,0,1,0,,,1,24,99,all,,,,,,,,0,0,0,0,0,0,0,0,0,,0,,0,99,10,AddExp(1800);AddNimbus(900);AddMoney(540),,,,,0,,
83,小妖道何兴,24,14,1,1,0,,,1,12,99,all,,CheckTaskFinished(82),,GetItemSpace >= 1,,,,0,78;93,2;1,0,0,0,0,0,0,,0,,0,99,20 ,AddExp(2500);AddNimbus(1250);AddMoney(780),,,,"em;AddItemEx(259,0,1,1)
fm;AddItemEx(268,0,1,1)
bh;AddItemEx(277,0,1,1)
qc;AddItemEx(602,0,1,1)
xq;AddItemEx(680,0,1,1)",0,,
85,山穴群狼,24,15,0,1,0,,,1,13,99,all,,,,,,,,0,350,12,0,0,0,0,0,0,,0,,0,99,26 ,AddExp(3380);AddNimbus(1690);AddMoney(1014),,,,,0,,
47,童年旧友,24,20,0,1,0,,,1,18,99,all,,GetTaskItemSpace >= 1,AddItem(206),,,"RemoveItem(206,1)","RemoveItem(206,1)",0,0,0,206,1,0,0,0,0,,0,,0,99,14 ,AddExp(2170);AddNimbus(1085);AddMoney(672),,,,,0,,
77,荆棘岭火种,17,11,0,1,0,,,1,9,99,all,,,,,,,,0,0,0,411,20,349,411,1,20,,0,,0,99,20 ,AddExp(2200);AddNimbus(1100);AddMoney(660),,,,,0,,
59,保护村庄,18,5,0,1,0,,,1,4,99,all,,,,GetItemSpace >= 1,,,,0,61,10,0,0,0,0,0,0,,0,,0,99,10 ,AddExp(800);AddNimbus(400);AddMoney(240),,,,,1,,
92,野骡王,24,18,1,1,0,,,1,16,99,all,,CheckTaskFinished(82),,GetItemSpace >= 1,,,,0,86;354,2;1,0,0,0,0,0,0,,0,,0,99,20 ,AddExp(2900);AddNimbus(1450);AddMoney(900),,,,"em;AddItemEx(95,0,1,1)
fm;AddItemEx(122,0,1,1)
bh;AddItemEx(149,0,1,1)
qc;AddItemEx(593,0,1,1)
xq;AddItemEx(671,0,1,1)",0,,
556,剿灭血精灵,11,4,0,1,0,,,1,4,99,all,,,,,,,,0,3118,12,0,0,0,0,0,0,,0,,0,99,14 ,AddExp(1050);AddNimbus(525);AddMoney(336),,,,,0,,
61,偷袭贼兵,18,6,0,1,0,,,1,5,99,all,,CheckTaskFinished(60),,,,,,0,62,12,0,0,0,0,0,0,,0,,0,99,12 ,AddExp(1020);AddNimbus(510);AddMoney(324),,,,,1,,
62,马贼战马,18,6,0,1,0,,,1,5,99,all,,,,,,,,0,336,12,0,0,0,0,0,0,,0,,0,99,12 ,AddExp(1020);AddNimbus(510);AddMoney(324),,,,,1,,
64,追捕能手,18,7,0,1,0,,,1,6,99,all,,CheckTaskFinished(62),,,,,,0,340,12,0,0,0,0,0,0,,0,,0,99,12 ,AddExp(1080);AddNimbus(540);AddMoney(324),,,,,1,,
65,大漠马贼,18,7,0,1,0,,,1,6,99,all,,CheckTaskFinished(64),,,,,,0,60,12,0,0,0,0,0,0,,0,,0,99,12 ,AddExp(1080);AddNimbus(540);AddMoney(324),,,,,1,,
66,马贼精兵,18,7,0,1,0,,,1,6,99,all,,CheckTaskFinished(65),,GetItemSpace >= 1,,,,0,63,12,0,0,0,0,0,0,,0,,0,99,12 ,AddExp(1080);AddNimbus(540);AddMoney(324),,,,,1,,
68,残兵败将,18,8,0,1,0,,,1,7,99,all,,CheckTaskFinished(67),,,,,,0,63,14,0,0,0,0,0,0,,0,,0,99,14 ,AddExp(1330);AddNimbus(665);AddMoney(420),,,,,1,,
69,无眉密使,18,8,0,1,0,,,1,7,99,all,,,,GetItemSpace >= 1,,,,0,0,0,409,8,342,409,0.5,8,,0,,0,99,16 ,AddExp(1520);AddNimbus(760);AddMoney(480),,"AddItemEx(238,0,52,1)
AddItemEx(238,0,51,1)",,,1,,
71,无眉党羽,18,9,0,1,0,,,1,8,99,all,,CheckTaskFinished(70),,,,,,0,345,14,0,0,0,0,0,0,,0,,0,99,14 ,AddExp(1400);AddNimbus(700);AddMoney(420),,,,,1,,
73,废墟怨灵,18,9,0,1,0,,,1,8,99,all,,CheckTaskFinished(72),,,,,,0,346,15,0,0,0,0,0,0,,0,,0,99,15 ,AddExp(1500);AddNimbus(750);AddMoney(450),,,,,1,,
74,徘徊的冤魂,18,10,0,1,0,,,1,9,99,all,,CheckTaskFinished(73),,,,,,0,348,15,0,0,0,0,0,0,,0,,0,99,15 ,AddExp(1575);AddNimbus(788);AddMoney(495),,,,,1,,
75,奇特的磷火,18,10,0,1,0,,,1,9,99,all,,CheckTaskFinished(74),,GetItemSpace >= 1,,,,0,347,15,0,0,0,0,0,0,,0,,0,99,15 ,AddExp(1575);AddNimbus(788);AddMoney(495),,,,,1,,
4,南方悍匪,13,9,0,1,0,,,1,7,99,all,,CheckTaskFinished(33),,GetItemSpace >= 1,,,,0,125;210,7;8,0,0,0,0,0,0,,0,,0,99,18,AddExp(1800);AddNimbus(900);AddMoney(540),,,,,0,,
26,邪灵的气息,13,6,0,1,0,,,1,5,99,all,,,,GetItemSpace >= 1,,,,0,219,12,0,0,0,0,0,0,,0,,0,99,15 ,AddExp(1275);AddNimbus(638);AddMoney(405),,"AddItemEx(238,0,52,1)
AddItemEx(238,0,51,1)",,,0,,
30,村口流匪,13,7,0,1,0,,,1,6,99,all,,,,,,,,0,222,14,0,0,0,0,0,0,,0,,0,99,17 ,AddExp(1530);AddNimbus(765);AddMoney(459),,,,,0,,
31,中毒,13,8,0,1,0,,,1,6,99,all,,"CheckTaskFinished(27)
GetTaskItemSpace >= 1",,GetItemSpace >= 1,,,,0,0,0,219,8,5,219,0.5,8,,0,,0,99,18 ,AddExp(1710);AddNimbus(855);AddMoney(540),,,,"em;AddItemEx(65,0,202,1)
fm;AddItemEx(70,0,202,1)
qc;AddItemEx(571,0,202,1)
bh;AddItemEx(73,0,202,1)
xq;AddItemEx(649,0,202,1)",0,,
33,清剿强盗,13,8,0,1,0,,,1,6,99,all,,CheckTaskFinished(30),,,,,,0,223,15,0,0,0,0,0,0,,0,,0,99,18 ,AddExp(1710);AddNimbus(855);AddMoney(540),,,,,0,,
35,最后的战斗,13,10,0,1,0,,,1,8,99,all,,"CheckTaskFinished(6)
GetItemSpace >= 1",,GetItemSpace >= 1,,,,0,221,16,0,0,0,0,0,0,,0,,0,99,20 ,AddExp(2100);AddNimbus(1050);AddMoney(660),,,,,0,,
101,侠义心肠 ,14,11,0,1,0,,,1,9,99,all,,GetTaskItemSpace >= 1,,,,,,0,0,0,802,15,235,802,0.5,15,,0,,0,99,36 ,AddExp(3960);AddNimbus(1980);AddMoney(1188),,,,,0,,
104,尼庵辟邪 ,14,12,0,1,0,,,1,10,99,all,,GetTaskItemSpace >= 1,,,,,,0,0,0,207,15,6,207,0.5,15,,0,,0,99,36 ,AddExp(4140);AddNimbus(2070);AddMoney(1296),,,,,0,,
105,救死扶伤,14,14,0,1,0,,,1,12,99,all,,GetTaskItemSpace >= 1,,GetItemSpace >= 1,,,,0,0,0,211,15,9,211,0.5,15,,0,,0,99,38 ,AddExp(4750);AddNimbus(2375);AddMoney(1482),,,,"em;AddItemEx(77,0,1,1)
fm;AddItemEx(104,0,1,1)
bh;AddItemEx(131,0,1,1)
qc;AddItemEx(575,0,1,1)
xq;AddItemEx(653,0,1,1)",0,,
106,削弱蛇怪,14,15,0,1,0,,,1,13,99,all,,CheckTaskFinished(105),,GetItemSpace >= 1,,,,0,11,30,0,0,0,0,0,0,,0,,0,99,36 ,AddExp(4680);AddNimbus(2340);AddMoney(1404),,,,"em;AddItemEx(286,0,1,1)
fm;AddItemEx(295,0,1,1)
bh;AddItemEx(304,0,1,1)
qc;AddItemEx(611,0,1,1)
xq;AddItemEx(689,0,1,1)",0,,
107,蛇匪精英,14,16,0,1,0,,,1,14,99,all,,CheckTaskFinished(106),,GetItemSpace >= 1,,,,0,12,30,0,0,0,0,0,0,,0,,0,99,36 ,AddExp(4860);AddNimbus(2430);AddMoney(1512),,,,"em;AddItemEx(95,0,1,1)
fm;AddItemEx(122,0,1,1)
bh;AddItemEx(149,0,1,1)
qc;AddItemEx(593,0,1,1)
xq;AddItemEx(671,0,1,1)",0,,
108,相借灵物,14,13,0,1,0,,,1,11,99,all,,CheckTaskFinished(104),,GetItemSpace >= 1,,,,0,13,20,0,0,0,0,0,0,,0,,0,99,31 ,AddExp(3720);AddNimbus(1860);AddMoney(1116),,,,"em;AddItemEx(259,0,1,1)
fm;AddItemEx(268,0,1,1)
bh;AddItemEx(277,0,1,1)
qc;AddItemEx(602,0,1,1)
xq;AddItemEx(680,0,1,1)",0,,
109,擒贼擒王,14,16,1,1,0,,,1,14,99,all,,CheckTaskFinished(107),,GetItemSpace >= 1,,,,0,236;237,20;1,0,0,0,0,0,0,,0,,0,99,36 ,AddExp(4860);AddNimbus(2430);AddMoney(1512),,,,"em;AddItemEx(6,0,151,1)
fm;AddItemEx(26,0,151,1)
bh;AddItemEx(56,0,151,1)
qc;AddItemEx(552,0,151,1)
xq;AddItemEx(630,0,151,1)",0,,
110,"
开光佛珠",14,13,0,1,0,,,1,11,99,all,,"CheckTaskFinished(108)
GetTaskItemSpace >= 1",,GetItemSpace >= 1,,,,0,0,0,237,15,14,237,0.5,15,,0,,0,99,36 ,AddExp(4320);AddNimbus(2160);AddMoney(1296),,,,"em;AddItemEx(86,0,1,1)
fm;AddItemEx(113,0,1,1)
bh;AddItemEx(140,0,1,1)
qc;AddItemEx(584,0,1,1)
xq;AddItemEx(662,0,1,1)",0,,
112,仙灵蜈蚣,14,14,1,1,0,,,1,12,99,all,,CheckTaskFinished(110),,,,,,0,24,1,0,0,0,0,0,0,,0,,0,99,24 ,AddExp(3000);AddNimbus(1500);AddMoney(936),,,,,0,,
116,飘荡的鬼火 ,14,17,0,1,0,,,1,15,99,all,,GetTaskItemSpace >= 1,,,,,,0,0,0,209,15,15,209,0.5,15,,0,,0,99,36 ,AddExp(5040);AddNimbus(2520);AddMoney(1512),,,,,0,,
117,云灵异变 ,14,18,0,1,0,,,1,15,99,all,,,,,,,,0,16,30,0,0,0,0,0,0,,0,,0,99,36 ,AddExp(5220);AddNimbus(2610);AddMoney(1620),,,,,0,,
118,怨灵的游荡 ,14,19,0,1,0,,,1,16,99,all,,,,,,,,0,17,30,0,0,0,0,0,0,,0,,0,99,36 ,AddExp(5400);AddNimbus(2700);AddMoney(1620),,,,,0,,
122,灵魂的守护者,14,20,0,1,0,,,1,17,99,all,,CheckTaskFinished(118),,,,,,0,18,30,0,0,0,0,0,0,,0,,0,99,36 ,AddExp(5580);AddNimbus(2790);AddMoney(1728),,,,,0,,
124,被放逐的野鬼,14,16,0,1,0,,,1,15,99,all,,,,,,,,0,0,0,0,0,0,0,0,0,,0,,0,99,6 ,AddExp(810);AddNimbus(405);AddMoney(252),,,,,0,,
151,农田破坏者,15,21,0,1,0,,,1,19,99,all,,,,,,,,0,22,30,0,0,0,0,0,0,,0,,0,99,30 ,AddExp(4800);AddNimbus(2400);AddMoney(1440),,,,,0,,
152,挡路的山精,15,21,0,1,0,,,1,19,99,all,,,,,,,,0,19,30,0,0,0,0,0,0,,0,,0,99,30 ,AddExp(4800);AddNimbus(2400);AddMoney(1440),,,,,0,,
153,打倒帮凶,15,21,0,1,0,,,1,19,99,all,,,,,,,,0,28,30,0,0,0,0,0,0,,0,,0,99,30 ,AddExp(4800);AddNimbus(2400);AddMoney(1440),,,,,0,,
154,作恶多端,15,22,1,1,0,,,1,20,99,all,,,,,,,,0,31,1,0,0,0,0,0,0,,0,,0,99,20 ,AddExp(3300);AddNimbus(1650);AddMoney(1020),,,,,0,,
155,收集药材,15,22,0,1,0,,,1,20,99,all,,GetTaskItemSpace >= 1,,GetItemSpace >= 1,,,,0,0,0,377,16,21,377,0.5,16,,0,,0,99,32 ,AddExp(5280);AddNimbus(2640);AddMoney(1632),,,,"em;AddItemEx(260,0,1,1)
fm;AddItemEx(269,0,1,1)
bh;AddItemEx(278,0,1,1)
qc;AddItemEx(603,0,1,1)
xq;AddItemEx(681,0,1,1)",0,,
158,恶斗粉蝴蝶,15,23,1,1,0,,,1,21,99,all,,CheckTaskFinished(159),,,,,,0,32;249,1;20,0,0,0,0,0,0,,0,,0,99,30,AddExp(5100);AddNimbus(2550);AddMoney(1530),,,,,0,,
159,清理武候祠,15,23,0,1,0,,,1,21,99,all,,,,,,,,0,20,30,0,0,0,0,0,0,,0,,0,99,30,AddExp(5100);AddNimbus(2550);AddMoney(1530),,,,,0,,
162,进香,15,24,0,1,0,,,1,22,99,all,,CheckTaskFinished(159),,,,,,0,241,30,0,0,0,0,0,0,,0,,0,99,30,AddExp(5250);AddNimbus(2625);AddMoney(1620),,,,,0,,
803,恩怨情仇,20,21,1,1,0,,,1,20,99,all,,"CheckTaskFinished(802)
GetTaskItemSpace >= 1",AddItem(4041),,,"RemoveItem(4041,1)","RemoveItem(4041,1)",0,157,1,0,0,0,0,0,0,,0,,0,99,40 ,AddExp(6400);AddNimbus(3200);AddMoney(1920),,,,,0,,
161,碧筠庵盗影,15,23,0,1,0,,,1,21,99,all,,"CheckTaskFinished(160)
GetTaskItemSpace >= 1",AddItem(214),GetItemSpace >= 1,,"RemoveItem(214,1)","RemoveItem(214,1)",0,23,30,214,1,0,0,0,0,,0,,0,99,30,AddExp(5100);AddNimbus(2550);AddMoney(1530),,,,"em;AddItemEx(87,0,1,1)
fm;AddItemEx(114,0,1,1)
bh;AddItemEx(141,0,1,1)
qc;AddItemEx(585,0,1,1)
xq;AddItemEx(663,0,1,1)",0,,
165,游荡的凶灵,15,25,0,1,0,,,1,23,99,all,,,,,,,,0,26,30,0,0,0,0,0,0,,0,,0,99,30,AddExp(5400);AddNimbus(2700);AddMoney(1620),,,,,0,,
167,树林中的敌踪,16,25,0,1,0,,,1,23,99,all,,,,GetItemSpace >= 1,,,,0,30,30,0,0,0,0,0,0,,0,,0,99,30,AddExp(5400);AddNimbus(2700);AddMoney(1620),,,,"em;AddItemEx(96,0,1,1)
fm;AddItemEx(123,0,1,1)
bh;AddItemEx(150,0,1,1)
qc;AddItemEx(594,0,1,1)
xq;AddItemEx(672,0,1,1)",0,,
171,击破采花贼,16,26,0,1,0,,,1,24,99,all,,,,,,,,0,27,30,0,0,0,0,0,0,,0,,0,99,30,AddExp(5550);AddNimbus(2775);AddMoney(1710),,,,,0,,
174,八臂熊毛太,16,27,1,1,0,,,1,23,99,all,,,,,,,,0,122;255,1;20,0,0,0,0,0,0,,0,,0,99,30,AddExp(5700);AddNimbus(2850);AddMoney(1710),,,,,0,,
175,慈云僧兵,16,27,0,1,0,,,1,23,99,all,,,,,,,,0,124,30,0,0,0,0,0,0,,0,,0,99,30,AddExp(5700);AddNimbus(2850);AddMoney(1710),,,,,0,,
178,武当女侠,16,28,1,1,0,,,1,25,99,all,,,,,,,,0,123;245,1;20,0,0,0,0,0,0,,0,,0,99,30,AddExp(5850);AddNimbus(2925);AddMoney(1800),,,,,0,,
183,英雄帖,16,29,0,1,0,,,1,26,99,all,,,,,,,,0,246,30,0,0,0,0,0,0,,0,,0,99,30,AddExp(6000);AddNimbus(3000);AddMoney(1800),,,,,0,,
78,荆棘潜伏者,17,11,0,1,0,,,1,9,99,all,,CheckTaskFinished(77),,GetItemSpace >= 1,,,,0,117,15,0,0,0,0,0,0,,0,,0,99,22 ,AddExp(2420);AddNimbus(1210);AddMoney(726),"AddItemEx(532,0,0,1)",,,,0,,
79,死水毒蝇,17,12,0,1,0,,,1,10,99,all,,,,,,,,0,73,24,0,0,0,0,0,0,,0,,0,99,24 ,AddExp(2760);AddNimbus(1380);AddMoney(864),,,,,0,,
80,山民前哨,24,12,0,1,0,,,1,10,99,all,,,,,,,,0,77,16,0,0,0,0,0,0,,0,,0,99,26 ,AddExp(2990);AddNimbus(1495);AddMoney(936),,,,,0,,
81,最强的勇士,24,13,0,1,0,,,1,11,99,all,,,,,,,,0,0,0,412,14,78,412,0.5,14,,0,,0,99,28 ,AddExp(3360);AddNimbus(1680);AddMoney(1008),,,,,0,,
82,长老的委托,24,14,0,1,0,,,1,12,99,all,,,,,,,,0,0,0,413,13,85,413,0.5,13,,0,,0,99,26 ,AddExp(3250);AddNimbus(1625);AddMoney(1014),,,,"em;AddItemEx(77,0,1,1)
fm;AddItemEx(104,0,1,1)
bh;AddItemEx(131,0,1,1)
qc;AddItemEx(575,0,1,1)
xq;AddItemEx(653,0,1,1)",0,,
84,野骡的侵袭,24,14,0,1,0,,,1,12,99,all,,,,,,,,0,85,16,0,0,0,0,0,0,,0,,0,99,28 ,AddExp(3500);AddNimbus(1750);AddMoney(1092),,,,,0,,
86,山神传说,24,15,0,1,0,,,1,13,99,all,,CheckTaskFinished(84),,GetItemSpace >= 1,,,,0,0,0,414,15,350,414,0.5,15,,0,,0,99,30 ,AddExp(3900);AddNimbus(1950);AddMoney(1170),,,,"em;AddItemEx(86,0,1,1)
fm;AddItemEx(113,0,1,1)
bh;AddItemEx(140,0,1,1)
qc;AddItemEx(584,0,1,1)
xq;AddItemEx(662,0,1,1)",0,,
87,主仆重逢,24,16,0,1,0,,,1,14,99,all,,,,,,,,0,88,16,0,0,0,0,0,0,,0,,0,99,28 ,AddExp(3780);AddNimbus(1890);AddMoney(1176),,,,,0,,
89,林中水源,24,17,0,1,0,,,1,15,99,all,,,,,,,,0,352,30,0,0,0,0,0,0,,0,,0,99,30 ,AddExp(4200);AddNimbus(2100);AddMoney(1260),,,,,0,,
91,严寒的威胁,24,18,0,1,0,,,1,16,99,all,,,,,,,,0,0,0,415,16,86,415,0.5,16,,0,,0,99,32 ,AddExp(4640);AddNimbus(2320);AddMoney(1440),,,,,0,,
93,寨主黑神,24,18,1,1,0,,,1,17,99,all,,CheckTaskFinished(81),,,,,,0,95;79,1;10,0,0,0,0,0,0,,0,,0,99,30 ,AddExp(4350);AddNimbus(2175);AddMoney(1350),,,,,0,,
95,兄弟手足,24,19,0,1,0,,,1,17,99,all,,,,,,,,0,74,18,0,0,0,0,0,0,,0,,0,99,32 ,AddExp(4800);AddNimbus(2400);AddMoney(1440),,,,,0,,
96,解救灵兽,24,20,0,1,0,,,1,18,99,all,,,,GetItemSpace >= 1,,,,0,0,0,416,16,356,416,0.5,16,,0,,0,99,32 ,AddExp(4960);AddNimbus(2480);AddMoney(1536),,,,"em;AddItemEx(6,0,152,1)
fm;AddItemEx(26,0,152,1)
bh;AddItemEx(56,0,152,1)
qc;AddItemEx(552,0,152,1)
xq;AddItemEx(630,0,152,1)",0,,
97,诡异法阵,24,20,0,1,0,,,1,18,99,all,,CheckTaskFinished(95),,,,,,0,356,20,0,0,0,0,0,0,,0,,0,99,30 ,AddExp(4650);AddNimbus(2325);AddMoney(1440),,,,,0,,
172,被困的举子(副本),21,26,11,1,0,,,1,22,99,all,,GetTaskItemSpace >= 1,,GetItemSpace >= 3,,,,0,0,0,378,1,261,378,1,1,,0,,0,99,20,AddExp(3700);AddNimbus(1850);AddMoney(1140),"AddItemEx(3970,0,0,1)
AddItemEx(404,0,0,1)
AddItemEx(401,0,0,1)",,,,0,,
179,金屋藏娇,16,28,1,1,0,,,1,25,99,all,,,,,,,,0,69;68,1;20,0,0,0,0,0,0,,0,,0,99,30,AddExp(5850);AddNimbus(2925);AddMoney(1800),,,,,0,,
181,慈云金刚,16,29,0,1,0,,,1,26,99,all,,,,,,,,0,121,30,0,0,0,0,0,0,,0,,0,99,26,AddExp(5200);AddNimbus(2600);AddMoney(1560),,,,,0,,
88,藤须洞异兽,27,16,11,1,0,,,1,14,99,all,,CheckTaskFinished(87),,,,,,0,351,1,0,0,0,0,0,0,,0,,0,99,30 ,AddExp(4050);AddNimbus(2025);AddMoney(1260),,,,"em;AddItemEx(313,0,1,1)
fm;AddItemEx(322,0,1,1)
bh;AddItemEx(331,0,1,1)
qc;AddItemEx(620,0,1,1)
xq;AddItemEx(698,0,1,1)",0,,
90,虎王平坡,27,17,11,1,0,,,1,15,99,all,,,,GetItemSpace >= 1,,,,0,353,1,0,0,0,0,0,0,,0,,0,99,40 ,AddExp(5600);AddNimbus(2800);AddMoney(1680),,,,"em;AddItemEx(286,0,1,1)
fm;AddItemEx(295,0,1,1)
bh;AddItemEx(304,0,1,1)
qc;AddItemEx(611,0,1,1)
xq;AddItemEx(689,0,1,1)",0,,
94,桃源土著,27,18,11,1,0,,,1,16,99,all,,,,,,,,0,355,1,0,0,0,0,0,0,,0,,0,99,40 ,AddExp(5800);AddNimbus(2900);AddMoney(1800),,,,,0,,
99,妖道邪法 ,27,20,11,1,0,,,1,18,99,all,,CheckTaskFinished(97),,GetItemSpace >= 1,,,,0,94,1,0,0,0,0,0,0,,0,,0,99,40 ,AddExp(6200);AddNimbus(3100);AddMoney(1920),"AddItemEx(382,0,0,1)
AddItemEx(4443,0,0,1)
AddItemEx(344,0,0,1)",,,,0,,
111,消灭毒菌(副本) ,20,17,11,1,0,,,1,14,99,all,,GetTaskItemSpace >= 1,,,,,,0,0,0,339,5,174,339,1,5,,0,,0,99,18 ,AddExp(2520);AddNimbus(1260);AddMoney(756),,,,,0,,
113,邪恶的毒菌(副本) ,20,17,11,1,0,,,1,15,99,all,,CheckTaskFinished(111),,GetItemSpace >= 2,,,,0,156,1,0,0,0,0,0,0,,0,,0,99,24 ,AddExp(3360);AddNimbus(1680);AddMoney(1008),"AddItemEx(344,0,0,1)
AddItemEx(404,0,0,1)",,,,0,,
114,神秘的祭坛(副本),20,16,11,1,0,,,1,12,99,all,,"CheckTaskFinished(103)
GetTaskItemSpace >= 1",,GetItemSpace >= 1,,,,0,0,0,340,10,146;147;148;149;154;155;169;170;171;172;,340;340;340;340;340;340;340;340;340;340,0.5;0.5;0.5;0.5;0.5;0.5;0.5;0.5;0.5;0.5,10;10;10;10;10;10;10;10;10;10,,0,,0,99,36 ,AddExp(4860);AddNimbus(2430);AddMoney(1512),,,,"em;AddItemEx(313,0,1,1)
fm;AddItemEx(322,0,1,1)
bh;AddItemEx(331,0,1,1)
qc;AddItemEx(620,0,1,1)
xq;AddItemEx(698,0,1,1)",0,,
115,远古石像(副本),20,18,11,1,0,,,1,14,99,all,,CheckTaskFinished(114),,,,,,0,158,1,0,0,0,0,0,0,,0,,0,99,24 ,AddExp(3480);AddNimbus(1740);AddMoney(1080),"AddItemEx(4443,0,0,1)
AddItemEx(404,0,0,1)",,,,0,,
120,灵魂的怨气(副本) ,20,20,11,1,0,,,1,18,99,all,,CheckTaskFinished(119),,,,,,0,157,1,0,0,0,0,0,0,,0,,0,99,42 ,AddExp(6510);AddNimbus(3255);AddMoney(2016),,,,,0,,
121,超度亡魂(副本),20,20,11,1,0,,,1,18,99,all,,CheckTaskFinished(116),,GetItemSpace >= 1,,,,0,159,1,0,0,0,0,0,0,,0,,0,99,42 ,AddExp(6510);AddNimbus(3255);AddMoney(2016),"AddItemEx(382,0,0,1)",,,"em;AddItemEx(67,0,202,1)
fm;AddItemEx(68,0,202,1)
bh;AddItemEx(74,0,202,1)
qc;AddItemEx(572,0,202,1)
xq;AddItemEx(650,0,202,1)",0,,
163,望江矮叟,15,24,0,1,0,,,1,22,99,all,,CheckTaskFinished(188),,,,,,0,0,0,0,0,0,0,0,0,,0,,0,99,5,AddExp(875);AddNimbus(438);AddMoney(270),,,,,0,,
177,金身罗汉(副本),16,27,11,1,0,,,1,25,99,all,,,,GetItemSpace >= 1,,,,0,263,1,0,0,0,0,0,0,,0,,0,99,40,AddExp(7600);AddNimbus(3800);AddMoney(2280),,"AddItemEx(240,0,52,1)
AddItemEx(240,0,51,1)",,,0,,
180,欢喜殿(副本),21,28,11,1,0,,,1,24,99,all,,,,GetItemSpace >= 1,,,,0,266,1,0,0,0,0,0,0,,0,,0,99,40,AddExp(7800);AddNimbus(3900);AddMoney(2400),,,,"em;AddItemEx(78,0,1,1)
fm;AddItemEx(105,0,1,1)
bh;AddItemEx(132,0,1,1)
qc;AddItemEx(576,0,1,1)
xq;AddItemEx(654,0,1,1)",0,,
182,绿袍老祖(副本),21,29,11,1,0,,,1,26,99,all,,,,GetItemSpace >= 1,,,,0,262,1,0,0,0,0,0,0,,0,,0,99,40,AddExp(8000);AddNimbus(4000);AddMoney(2400),,,,"em;AddItemEx(66,0,202,1)
fm;AddItemEx(69,0,202,1)
bh;AddItemEx(75,0,202,1)
qc;AddItemEx(573,0,202,1)
xq;AddItemEx(651,0,202,1)",0,,
186,清理欢喜殿(副本),21,30,11,1,0,,,1,28,99,all,,,,GetItemSpace >= 1,,,,0,264,1,0,0,0,0,0,0,,0,,0,99,40,AddExp(8200);AddNimbus(4100);AddMoney(2520),,,,"em;AddItemEx(7,0,152,1)
fm;AddItemEx(27,0,152,1)
bh;AddItemEx(57,0,152,1)
qc;AddItemEx(553,0,152,1)
xq;AddItemEx(631,0,152,1)",0,,
300,四象神兽,15,25,0,1,0,,,1,25,99,all,,GetTaskItemSpace >= 1,,GetItemSpace >= 1,,,,0,0,0,803;804;805,1;1;1,94;159;264,803;804;805,1;1;1,1;1;1;,,0,,0,99,20 ,AddExp(3600);AddNimbus(1800);AddMoney(1080),"AddItem (1200,1)",,,,0,,
807,入虎穴杀妖道,27,23,1,1,0,,,1,20,99,all,,CheckTaskFinished(806),,,,,,0,351;353;355;94;,1;1;1;1,4051,1,94,4051,1,1,,0,,0,99,48 ,AddExp(8160);AddNimbus(4080);AddMoney(2448),,,,,0,,
98,古城冤魂,27,20,11,1,0,,,1,18,99,all,,CheckTaskFinished(96),,GetItemSpace >= 1,,,,0,357,30,0,0,0,0,0,0,,0,,0,99,40 ,AddExp(6200);AddNimbus(3100);AddMoney(1920),,,,"em;AddItemEx(67,0,202,1)
fm;AddItemEx(68,0,202,1)
bh;AddItemEx(74,0,202,1)
qc;AddItemEx(572,0,202,1)
xq;AddItemEx(650,0,202,1)",0,,
522,广交好友之一,13,6,0,1,,,,0,6,99,all,,,,,GetFriendsNum>=5,,,0,0,0,0,0,0,0,0,0,,0,,0,99 ,,AddExp(1000);AddNimbus(500),,,,,,,
523,广交好友之二,13,8,0,1,,,,0,8,99,all,,,,,GetFriendsNum>=15,,,0,0,0,0,0,0,0,0,0,,0,,0,99 ,,AddExp(2000);AddNimbus(1000),,,,,,,
524,广交好友之三,13,10,0,1,,,,0,10,99,all,,,,,GetFriendsNum>=30,,,0,0,0,0,0,0,0,0,0,,0,,0,99 ,,AddExp(4000);AddNimbus(2000),,,,,,,
660,储备物资,15,25,0,1,,,,1,23,99,all,,,,,,,,0,0,0,4538,10,26,4538,0.5,10,,,,0,99,20 ,AddExp(3600);AddNimbus(1800);AddMoney(1080),,,,,,,
661,毛太恶行,15,26,0,1,,,,1,24,99,all,,,,,,,,0,0,0,4539,10,5045,4539,1,10,,,,0,99,20 ,AddExp(3700);AddNimbus(1850);AddMoney(1140),,,,,,,
662,捉拿逃匪,15,27,0,1,,,,1,25,99,all,,,AddItem(4542),,,"RemoveItem(4542,1)","RemoveItem(4542,1)",0,0,0,0,0,0,0,0,0,3,244,1,0,99,20 ,AddExp(3800);AddNimbus(1900);AddMoney(1140),,,,,,,
855,"有福同享,有难同当",15,30,0,0,1,,,1,30,99,all,,"GuildOfficial>=4
GetGuildUserDataInt(""GuildTask855"")!=Day",,,"GetServerHour>18
GetServerHour<22
GetGuildUserDataInt(""GuildTask855"")!=Day","CreateNpc(5214,9,399,127,0)
SetGuildUserDataInt(""GuildTask855"",Day)",,0,0,0,0,0,0,0,0,0,,0,,0,99,,,,,,,,,
869,妙用灵文符咒之入门篇,15,30,0,0,1,,,,30,99,all,,,,,,,,,,,4928,1,4893,0,0,0,,,,0,99,,AddNimbus(10000);,,,,,,,
870,妙用灵文符咒之进阶篇,15,40,0,0,1,,,,40,99,all,,,,,,,,,,,4928,3,4893,0,0,0,,,,0,99,,AddNimbus(30000);,,,,,,,
871,妙用灵文符咒之高阶篇,15,50,0,0,1,,,,50,99,all,,,,,,,,,,,4928,5,4893,0,0,0,,,,0,99,,AddNimbus(50000);,,,,,,,
874,收回火灵,15,20,0,1,,,,,20,99,all,,,AddItem(4930),,,,,,,,,,,,,,,,,4930,1,,AddExp(2000);,,,,,,,
875,兔子之战,15,20,0,1,,,,,20,99,all,,,,GetItemSpace >= 2,,,,,,,4931,25,22,4931,1,25,,,,0,99,,AddExp(2500);,"AddItemEx(1084,0,0,1)
AddItemEx(4933,0,0,1)",,,,,,
876,重铸佛花,15,20,0,1,,,,,20,99,all,,,,GetItemSpace >= 1,,,,,,,4932;4933;4934;4935;4936;,1;1;1;1;1,3123;156;4640;,4936;4935;4934,1;1;1,1;1;1,,,,,,,AddExp(5500);,"AddItemEx(4963,0,0,0)",,,,,,
884,寻找丢失的项链,15,55,0,0,1,,,1,55,99,all,,,,GetItemSpace >= 1,,,,,,,5580;5581;5582;5583;5584;5585;5586;5587;,1;1;1;1;1;1;1;1,4934;4326;4501;4836;4613;4428;4605;4601,5580;5581;5582;5583;5584;5585;5586;5587;,1;1;1;1;1;1;1;1,1;1;1;1;1;1;1;1,,,,,,,AddExp(2000);,"AddItemEx(5610,0,0,1)",,,,,,
885,寻找丢失的手镯,15,30,0,0,1,,,1,30,99,all,,,,GetItemSpace >= 1,,,,,,,5588;5589;5590;5591;5592;5593;5594;5595;,1;1;1;1;1;1;1;1,3128;3323;159;94;264;121;246;,5589;5590;5591;5592;5593;5594;5595;,1;1;1;1;1;0.15;0.15,1;1;1;1;1;1;1,,,,,,,AddExp(1000);,"AddItemEx(5617,0,0,1)",,,,,,
886,善有善报,15,30,0,0,1,,,1,30,99,all,,,,,,,,,,,5588,1,,,,,,,,,,,AddExp(200);,,,,,,,
887,Best Wishes to Talisman Online,15,5,0,0,1,,,,2,99,all,,,,GetItemSpace >= 2,,,,,,,,,,,,,,,,,,,,"AddItemEx(3918,0,0,1);
AddItemEx(3918,0,0,1)","AddEffect(2306)
AddEffect(2307)",,,,,
888,Best Wishes to Talisman Online,15,20,0,1,,,,,21,99,all,,,,GetItemSpace >= 2,,,,,,,,,,,,,,,,,,,,"AddItemEx(3920,0,0,1);
AddItemEx(3920,0,0,1)","AddEffect(2308)
AddEffect(2309)",,,,,
1000,圣诞快乐（lev15）,15,15,0,1,,,,,15,99,all,,,,GetItemSpace >= 1,,,,,,,,,,,,,,,,,,,,"AddItemEx(5751,0,0,1)",,,,,,
1001,圣诞快乐（lev30）,15,30,0,1,,,,,30,99,all,,,,GetItemSpace >= 1,,,,,,,,,,,,,,,,,,,,"AddItemEx(5752,0,0,1)",,,,,,
1002,圣诞快乐（lev50）,15,50,0,1,,,,,50,99,all,,,,GetItemSpace >= 1,,,,,,,,,,,,,,,,,,,,"AddItemEx(5753,0,0,1)",,,,,,
1003,圣诞快乐（lev70）,15,70,0,1,,,,,70,99,all,,,,GetItemSpace >= 1,,,,,,,,,,,,,,,,,,,,"AddItemEx(5754,0,0,1)",,,,,,
1004,装饰圣诞树,15,10,0,0,1,,,,10,99,all,,,,GetItemSpace >= 2,,,,,,,3760;3761;3762;3763;3764;,15;15;15;15;15,4524;4525;4526;4527;4528;4529;4530;4531;4532;4533;5432;,3760;3760;3761;3761;3762;3762;3763;3763;3764;3764;3764;,0.5;0.5;0.5;0.5;0.5;0.5;0.5;0.5;0.5;0.5;0.5,15;15;15;15;15;15;15;15;15;15;15,,,,,,,,"AddItemEx(5755,0,0,1)",,,,,,
840,决战七星,30,60,11,0,,3,,1,55,99,all,,,,,,,,0,4611;4612;4615;4760;4761;4762;4763;4764;4765;4766;4767;,1;1;1;1;1;1;1;1;1;1;1;,0,0,0,0,0,0,,0,,0,99,250 ,"AddCredit(30,2500);AddExp(17750);AddNimbus(2958)",,,,,,,
850,魔宫围剿行动(重复),28,45,11,0,0,3,,1,40,99,all,,,,,,,,0,4303;4308;4309;4310;4319;4320;,10;10;10;10;10;10;,0,0,0,0,0,0,,0,,0,99,60 ,"AddCredit(28,600);AddExp(3360);AddNimbus(560)",,,,,0,,
156,护送道友,15,25,1,0,3,,1,1,25,99,all,,,,,,,,0,0,0,0,0,0,0,0,0,2,254,1,0,99,150,AddMoney(3000);AddNimbus(3000);AddExp(3000),,,,,0,,
166,搭救云从,15,35,1,0,3,,1,1,35,99,all,,,,,,,,0,0,0,0,0,0,0,0,0,2,98,1,0,99,200,AddMoney(6000);AddNimbus(6000);AddExp(6000),,,,,0,,
301,护送紫铃,22,45,1,0,3,,1,1,45,99,all,,,,,,,,0,0,0,0,0,0,0,0,0,2,436,1,0,99,,AddMoney(10000);AddNimbus(10000);AddExp(10000),,,,,0,,
403,百花护法,11,30,11,0,2,,,1,25,99,all,,,,,,,,0,3320;3321;3322;3323;,20;20;20;1,0,0,0,0,0,0,0,0,0,0,99,180 ,AddExp(7380);AddNimbus(6150);AddMoney(3780),,,,,0,,
133,天化村危机,13,7,0,0,0,,,1,5,99,all,,,,,,,,0,222;223,5;5,0,0,0,0,0,0,,0,,0,99,53 ,"AddCredit(13,530);AddExp(954);AddNimbus(159)",,,,,0,,
250,三世神童,26,31,0,1,0,,,1,29,99,all,,,,,,,,0,186,32,0,0,0,0,0,0,,0,,0,99,32 ,AddExp(6720);AddNimbus(3360);AddMoney(2016),,,,,0,,
260,机关总图,26,33,0,1,0,,,1,31,99,all,,,,,,,,0,0,0,425,20,189,425,0.5,20,,0,,0,99,40 ,AddExp(8800);AddNimbus(4400);AddMoney(2640),,,,,0,,
262,修真房之战,26,34,0,1,0,,,1,32,99,all,,CheckTaskFinished(261),,,,,,0,379,35,0,0,0,0,0,0,,0,,0,99,35 ,AddExp(7875);AddNimbus(3938);AddMoney(2415),,,,,0,,
223,村长的忧愁,22,39,0,1,0,,,1,37,99,all,,,,,,,,0,308,30,0,0,0,0,0,0,,0,,0,99,30 ,AddExp(7500);AddNimbus(3750);AddMoney(2250),,,,,0,,
229,试炼身手,22,40,0,1,0,,,1,38,99,all,,CheckTaskFinished(226),,,,,,0,314,30,0,0,0,0,0,0,,0,,0,99,30 ,AddExp(7650);AddNimbus(3825);AddMoney(2340),,,,,0,,
1345,古墓碎片,33,57,11,0,3,,,1,55,99,all,,,,,,,,0,4611;4612;,1;1;,0,0,0,0,0,0,,0,,0,99,,AddExp(0);AddNimbus(0);AddMoney(0),"AddItemEx(4179,0,0,1)",,,,0,,
,,,,,,,,,,,,,,,,,,,,,,,,,,,,,,,,,,,,,,,,,,
1400,清剿四门山妖孽,34,61,11,1,,,,1,61,99,all,,,,,,,,0,4930;4931;4932;4933,15;15;15;15,0,0,0,0,0,0,,0,,0,99,60 ,AddExp(43200);AddNimbus(21600);AddMoney(6480),,,,,0,,
1401,限时清剿四门山妖孽（15分钟）,34,61,11,1,,,,1,61,99,all,,CheckTaskFinished(1400),,,,,,900,4930;4931;4932;4933,15;15;15;15,0,0,0,0,0,0,,0,,0,99,60 ,AddExp(43200);AddNimbus(21600);AddMoney(6480),,,,,0,,
1402,营救月龙幼童,34,62,11,1,,,,0,61,99,all,,,,,,,,0,0,0,4352,1,4945,4352,1,1,,0,,0,99,40 ,AddExp(29200);AddNimbus(14600);AddMoney(4440),,,,,0,,
1403,解除月龙村危机（护送）,34,63,11,1,,,1,1,62,99,all,,,,,,,,0,0,0,0,0,0,0,0,0,2,4937,1,0,99,60 ,AddExp(44400);AddNimbus(22200);AddMoney(6660),,,,,0,,
1404,智擒孽畜妖狐,34,64,11,1,,,,1,62,99,all,,,,,,,,0,4934,1,0,0,0,0,0,0,,0,,0,99,95 ,AddExp(71250);AddNimbus(35625);AddMoney(10830),,,,,0,,
1405,勇闯石穴迷宫,34,65,11,1,,,,1,63,99,all,,,,,,,,0,4935,35,0,0,0,0,0,0,,0,,0,99,60 ,AddExp(45600);AddNimbus(22800);AddMoney(6840),,,,,0,,
1406,限时勇闯石穴迷宫（20分钟）,34,65,11,1,,,,1,64,99,all,,CheckTaskFinished(1405),,,,,,1200,4935,35,0,0,0,0,0,0,,0,,0,99,60 ,AddExp(45600);AddNimbus(22800);AddMoney(6840),,,,,0,,
1407,机关暗门,34,65,11,1,,,,1,63,99,all,,,,,,,,0,0,0,4353,1,4957;4958;4959;4960;5037;,4353;4353;4353;4353;4353,1;1;1;1;1,5;5;5;5;5,,0,,0,99,40 ,AddExp(30400);AddNimbus(15200);AddMoney(4560),,,,,0,,
1408,斩妖除魔,34,65,11,1,,,,1,64,99,all,,,,,,,,0,4936,1,0,0,0,0,0,0,,0,,0,99,130 ,AddExp(98800);AddNimbus(49400);AddMoney(14820),,,,,0,,
,,,,,,,,,,,,,,,,,,,,,,,,,,,,,,,,,,,,,,,,,,
1409,初来乍到,34,61,0,1,,,,1,61,99,all,,,,,,,,0,0,0,0,0,0,0,0,0,,0,,0,99,15 ,AddExp(10800);AddNimbus(5400);AddMoney(1620),,,,,0,,
1410,勘查地形,34,62,0,1,,,,1,61,99,all,,,,GetItemSpace >= 1,,,,0,0,0,0,0,0,0,0,0,,0,,0,99,15 ,AddExp(10950);AddNimbus(5475);AddMoney(1665),"AddItemFromCode(""i=4419,sml=7,t=3600"")",,,,0,,
1411,巧妙的伪装,34,61,0,1,,,,1,61,99,all,,,,GetItemSpace >= 1,,,,0,0,0,0,0,0,0,0,0,,0,,0,99,15 ,AddExp(10800);AddNimbus(5400);AddMoney(1620),"AddItemFromCode(""i=4425"")",,,,0,,
1412,九色鹿的传说,34,63,1,1,,,,1,61,99,all,,,,GetItemSpace >= 1,,,,0,0,0,4376,1,4989,4376,1,1,,0,,0,99,55 ,AddExp(40700);AddNimbus(20350);AddMoney(6105),"AddItemEx(4430,0,0,1)","
",,,0,,
1413,疑云密布,34,61,0,1,,,,1,61,99,all,,,,,,,,0,0,0,4361,10,4969,4361,0.5,10,,0,,0,99,55 ,AddExp(39600);AddNimbus(19800);AddMoney(5940),,,,,0,,
1414,深入贼穴,34,61,0,1,,,,1,61,99,all,,CheckTaskFinished(1413),,,,,,0,0,0,4362,15,4976,4362,1,15,,0,,0,99,55 ,AddExp(39600);AddNimbus(19800);AddMoney(5940),,,,,0,,
1415,证据确凿,34,62,0,1,,,,1,61,99,all,,CheckTaskFinished(1414),,,,,,0,0,0,0,0,0,0,0,0,,0,,0,99,15 ,AddExp(10950);AddNimbus(5475);AddMoney(1665),,,,,0,,
1416,速速汇报,34,62,0,1,,,,1,61,99,all,,CheckTaskFinished(1413),,,,,,0,0,0,0,0,0,0,0,0,,0,,0,99,15 ,AddExp(10950);AddNimbus(5475);AddMoney(1665),,,,,0,,
1417,迫在眉睫,34,62,0,1,,,,1,61,99,all,,CheckTaskFinished(1416),,,,,,0,0,0,0,0,0,0,0,0,,0,,0,99,15 ,AddExp(10950);AddNimbus(5475);AddMoney(1665),,,,,0,,
1418,月龙村内鬼,34,63,0,1,,,,1,61,99,all,,CheckTaskFinished(1417),,,,,,0,0,0,4377,10,4980,4377,0.25,10,,0,,0,99,55 ,AddExp(40700);AddNimbus(20350);AddMoney(6105),,,,,0,,
1419,破译代号,34,63,0,1,,,,1,61,99,all,,,,,,,,0,0,0,4378,1,4981,4378,0.05,1,,0,,0,99,60 ,AddExp(44400);AddNimbus(22200);AddMoney(6660),,,,,0,,
1420,行动暴露,34,63,0,1,,,,1,61,99,all,,"CheckTaskFinished(1419)
GetTaskItemSpace >= 1",,GetItemSpace >= 1,,"AddItem(4422,1)",,0,0,0,0,0,0,0,0,0,,0,,0,99,15 ,AddExp(11100);AddNimbus(5550);AddMoney(1665),,,,,0,,
1421,就地正法,34,63,0,1,,,,1,61,99,all,,CheckTaskFinished(1420),,,,"RemoveItem(4422,1)",,0,4982,1,0,0,0,0,0,0,,0,,0,99,60 ,AddExp(44400);AddNimbus(22200);AddMoney(6660),,,,,0,,
1422,身份之谜,34,64,0,1,,,,1,61,99,all,,,,,,,,0,0,0,0,0,0,0,0,0,,0,,0,99,15 ,AddExp(11250);AddNimbus(5625);AddMoney(1710),,,,,0,,
1423,告白天下,34,64,0,1,,,,1,61,99,all,,CheckTaskFinished(1422),,,,,,0,0,0,0,0,0,0,0,0,,0,,0,99,20 ,AddExp(15000);AddNimbus(7500);AddMoney(2280),,,,,0,,
1424,捕风捉影,34,65,0,1,,,,1,61,99,all,,CheckTaskFinished(1423),,,,,,0,0,0,4399,15,4999,4399,0.5,15,,0,,0,99,60 ,AddExp(45600);AddNimbus(22800);AddMoney(6840),,,,,0,,
1425,蛛丝马迹,34,65,0,1,,,,1,61,99,all,,CheckTaskFinished(1424),,,,,,0,0,0,4400,15,5000,4400,0.5,15,,0,,0,99,60 ,AddExp(45600);AddNimbus(22800);AddMoney(6840),,,,,0,,
1426,诈引朱洪,34,65,0,1,,,,1,61,99,all,,"CheckTaskFinished(1425)
GetItemSpace >= 1","AddItem(4423,1)",,,,,0,0,0,4423,1,0,0,0,0,,0,,0,99,20 ,AddExp(15200);AddNimbus(7600);AddMoney(2280),,,,,0,,
1427,镇山之宝,34,65,1,1,,,,1,61,99,all,,"CheckTaskFinished(1426)
GetTaskItemSpace >= 1","AddItem(4423,1)",,,,,0,0,0,4423;4401,1;1,5001,4401,1,1,,0,,0,99,65 ,AddExp(49400);AddNimbus(24700);AddMoney(7410),,,,,0,,
,,,,,,,,,,,,,,,,,,,,,,,,,,,,,,,,,,,,,,,,,,
1428,挑战月龙护卫,34,61,1,0,1,,,1,61,99,all,,,,,,,,0,0,0,0,0,0,0,0,0,4,4975,1,0,99,30 ,AddExp(21600);AddNimbus(10800);AddMoney(3240),,,,,0,,
1429,挑战月龙斗士,34,62,1,0,1,,,1,61,99,all,,,,,,,,0,0,0,0,0,0,0,0,0,4,4979,1,0,99,,AddExp(0);AddNimbus(0),AddEffect(2234),,,,0,,
1430,挑战月龙勇士,34,63,1,0,1,,,1,62,99,all,,,,,,,,0,0,0,0,0,0,0,0,0,4,4988,1,0,99,,AddExp(0);AddNimbus(0),AddEffect(2235),,,,0,,
1431,挑战月龙侠客,34,64,1,0,1,,,1,63,99,all,,,,,,,,0,0,0,0,0,0,0,0,0,4,4995,1,0,99,,AddExp(0);AddNimbus(0),AddEffect(2237),,,,0,,
1432,挑战月龙霸主,34,65,1,0,1,,,1,64,99,all,,,,,,,,0,0,0,0,0,0,0,0,0,4,5002,1,0,99,,AddExp(0);AddNimbus(0),AddEffect(2236),,,,0,,
1433,屠魔战士,34,63,0,1,,,,1,61,99,all,,,,,,,,0,0,0,4402,99,5460;4968;4969;4970;4971;4972;4973;4974;4975;4976;4977;4978;4979;4980;4981;4982;4983;4984;4985;4986;4987;4988;4989;4990;4991;4992;4993;4994;4995;4996;4997;4998;4999;5000;5001;5002;5003;5004;5005;5006;5007;5008;5009;,4402;4402;4402;4402;4402;4402;4402;4402;4402;4402;4402;4402;4402;4402;4402;4402;4402;4402;4402;4402;4402;4402;4402;4402;4402;4402;4402;4402;4402;4402;4402;4402;4402;4402;4402;4402;4402;4402;4402;4402;4402;4402;4402;,0.3;0.3;0.3;0.3;0.3;0.3;0.3;0.3;0.3;0.3;0.3;0.3;0.3;0.3;0.3;0.3;0.3;0.3;0.3;0.3;0.3;0.3;0.3;0.3;0.3;0.3;0.3;0.3;0.3;0.3;0.3;0.3;0.3;0.3;0.3;0.3;0.3;0.3;0.3;0.3;0.3;0.3;0.3,99;99;99;99;99;99;99;99;99;99;99;99;99;99;99;99;99;99;99;99;99;99;99;99;99;99;99;99;99;99;99;99;99;99;99;99;99;99;99;99;99;99;99;,,0,,0,99,50 ,AddExp(37000);AddNimbus(18500);AddMoney(5550),,,,,0,,
1434,道心纵魔大法,34,63,0,0,,,,1,61,99,all,,CheckTaskFinished(1433),,GetItemSpace >= 1,,,,0,0,0,4402,495,5460;4968;4969;4970;4971;4972;4973;4974;4975;4976;4977;4978;4979;4980;4981;4982;4983;4984;4985;4986;4987;4988;4989;4990;4991;4992;4993;4994;4995;4996;4997;4998;4999;5000;5001;5002;5003;5004;5005;5006;5007;5008;5009;,4402;4402;4402;4402;4402;4402;4402;4402;4402;4402;4402;4402;4402;4402;4402;4402;4402;4402;4402;4402;4402;4402;4402;4402;4402;4402;4402;4402;4402;4402;4402;4402;4402;4402;4402;4402;4402;4402;4402;4402;4402;4402;4402;,0.3;0.3;0.3;0.3;0.3;0.3;0.3;0.3;0.3;0.3;0.3;0.3;0.3;0.3;0.3;0.3;0.3;0.3;0.3;0.3;0.3;0.3;0.3;0.3;0.3;0.3;0.3;0.3;0.3;0.3;0.3;0.3;0.3;0.3;0.3;0.3;0.3;0.3;0.3;0.3;0.3;0.3;0.3,495;495;495;495;495;495;495;495;495;495;495;495;495;495;495;495;495;495;495;495;495;495;495;495;495;495;495;495;495;495;495;495;495;495;495;495;495;495;495;495;495;495;495;,,0,,0,99,250 ,AddExp(37000);AddNimbus(6167),"AddItemEx(4403,0,0,1)",,,,0,,
1435,神坛斗士,34,63,1,1,,,,1,61,99,all,,CheckTaskFinished(1433),,,,,,0,0,0,4403,99,0,0,0,0,,0,,0,99,400 ,AddExp(296000);AddNimbus(148000);AddMoney(44400),,,,,0,,
1436,包打听对于偏门法宝的悬赏公告,34,61,0,0,1,,,1,61,99,all,,,,,,,,0,0,0,4424,1,5292;4968;4969;4970;4971;4972;,4424;4424;4424;4424;4424;4424;,0.05;0.05;0.05;0.05;0.05;0.05;,1;1;1;1;1;1;,,0,,0,99,50 ,AddExp(36000);AddNimbus(18000);AddMoney(5400),,,,,0,,
1437,月龙祭司对于占星术下卷的悬赏公告,34,62,0,0,1,,,1,61,99,all,,,,,,,,0,0,0,4372,1,4976;4977;,4372;4372;,0.05;0.05;,1;1;,,0,,0,99,50 ,AddExp(36500);AddNimbus(18250);AddMoney(5550),,,,,0,,
1438,月龙长老对于古籍的悬赏公告,34,63,0,0,1,,,1,61,99,all,,,,,,,,0,0,0,4379,1,5293;4980;4981;4984;4985;4986;4987,4379;4379;4379;4379;4379;4379;4379;,0.05;0.05;0.05;0.05;0.05;0.05;0.05;,1;1;1;1;1;1;1,,0,,0,99,50 ,AddExp(37000);AddNimbus(18500);AddMoney(5550),,,,,0,,
1439,月龙村财主对翠玉钗的悬赏公告,34,64,0,0,1,,,1,61,99,all,,,,,,,,0,0,0,4392,1,5294;4990;4991;4992;4993;4994;,4392;4392;4392;4392;4392;4392;,0.05;0.05;0.05;0.05;0.05;0.05;,1;1;1;1;1;1;,,0,,0,99,50 ,AddExp(37500);AddNimbus(18750);AddMoney(5700),,,,,0,,
1440,月龙铁匠对于飞天宝刀的悬赏公告,34,65,0,0,1,,,1,61,99,all,,,,,,,,0,0,0,4404,1,5295;4999;5000;;5005;5006;5007;5008;5009;,4404;4404;4404;4404;4404;4404;4404;4404;,0.05;0.05;0.05;0.05;0.05;0.05;0.05;0.05;,1;1;1;1;1;1;1;1;,,0,,0,99,50 ,AddExp(38000);AddNimbus(19000);AddMoney(5700),,,,,0,,
1441,白云大师的召唤,34,63,0,1,,,,1,63,99,all,,,,,,,,0,0,0,0,0,0,0,0,0,,0,,0,99,15 ,AddExp(11100);AddNimbus(5550);AddMoney(1665),,,,,0,,
1442,通臂神猿李宁的召唤,34,63,0,1,,,,1,63,99,all,,,,,,,,0,0,0,0,0,0,0,0,0,,0,,0,99,15 ,AddExp(11100);AddNimbus(5550);AddMoney(1665),,,,,0,,
1443,餐霞大师的召唤,34,63,0,1,,,,1,63,99,all,,,,,,,,0,0,0,0,0,0,0,0,0,,0,,0,99,15 ,AddExp(11100);AddNimbus(5550);AddMoney(1665),,,,,0,,
1444,追云叟白谷逸的召唤,34,63,0,1,,,,1,63,99,all,,,,,,,,0,0,0,0,0,0,0,0,0,,0,,0,99,15 ,AddExp(11100);AddNimbus(5550);AddMoney(1665),,,,,0,,
1445,百禽道人公冶黄的召唤,34,63,0,1,,,,1,63,99,all,,,,,,,,0,0,0,0,0,0,0,0,0,,0,,0,99,15 ,AddExp(11100);AddNimbus(5550);AddMoney(1665),,,,,0,,
,,,,,,,,,,,,,,,,,,,,,,,,,,,,,,,,,,,,,,,,,,
1446,重金悬赏令,34,61,0,1,,,,1,61,99,all,,,,,,,,0,0,0,4364;4365;,5;10,4968;5025,4364;4365;,0.5;1,5;10,,0,,0,99,40 ,AddExp(28800);AddNimbus(14400);AddMoney(4320),,,,,0,,
1447,未曾找回的物品,34,61,0,1,,,,1,61,99,all,,CheckTaskFinished(1446),,,,,,0,0,0,4366,10,4969,4366,0.5,10,,0,,0,99,45 ,AddExp(32400);AddNimbus(16200);AddMoney(4860),,,,,0,,
1448,直捣黄龙,34,61,1,1,,,,1,61,99,all,,CheckTaskFinished(1447),,GetItemSpace >= 1,,,,0,4970,1,0,0,0,0,0,0,,0,,0,99,70 ,AddExp(50400);AddNimbus(25200);AddMoney(7560),,,,"em;AddItemEx(264,0,1,1)
fm;AddItemEx(273,0,1,1)
bh;AddItemEx(282,0,1,1)
qc;AddItemEx(607,0,1,1)
xq;AddItemEx(685,0,1,1)",0,,
1449,幕后推手,34,62,0,1,,,,1,61,99,all,,CheckTaskFinished(1448),,,,,,0,4976,15,0,0,0,0,0,0,,0,,0,99,45 ,AddExp(32850);AddNimbus(16425);AddMoney(4995),,,,,0,,
1450,月龙村守卫,34,62,0,1,,,,1,61,99,all,,CheckTaskFinished(1449),,,,,,0,0,0,0,0,0,0,0,0,,0,,0,99,20 ,AddExp(14600);AddNimbus(7300);AddMoney(2220),,,,,0,,
1451,恶汉来袭,34,63,0,1,,,,1,61,99,all,,CheckTaskFinished(1450),,,,,,0,4980,15,0,0,0,0,0,0,,0,,0,99,45 ,AddExp(33300);AddNimbus(16650);AddMoney(4995),,,,,0,,
1452,散播谣言,34,63,0,1,,,,1,61,99,all,,CheckTaskFinished(1451),,,,,,0,0,0,4385,10,4981,4385,0.5,10,,0,,0,99,45 ,AddExp(33300);AddNimbus(16650);AddMoney(4995),,,,,0,,
1453,万恶之源,34,63,1,1,,,,1,61,99,all,,CheckTaskFinished(1452),,GetItemSpace >= 1,,,,0,4983,1,0,0,0,0,0,0,,0,,0,99,70 ,AddExp(51800);AddNimbus(25900);AddMoney(7770),,,,"em;AddItemEx(91,0,1,1)
fm;AddItemEx(118,0,1,1)
bh;AddItemEx(145,0,1,1)
qc;AddItemEx(589,0,1,1)
xq;AddItemEx(667,0,1,1)",0,,
1454,九尾银狐,34,64,0,1,,,,1,61,99,all,,CheckTaskFinished(1453),,,,,,0,4990,20,0,0,0,0,0,0,,0,,0,99,45 ,AddExp(33750);AddNimbus(16875);AddMoney(5130),,,,,0,,
1455,可怕的巫术,34,64,1,1,,,,1,61,99,all,,CheckTaskFinished(1454),,,,,,0,4994,20,0,0,0,0,0,0,,0,,0,99,45 ,AddExp(33750);AddNimbus(16875);AddMoney(5130),,,,,0,,
1456,数百年的诅咒,34,64,0,1,,,,1,61,99,all,,CheckTaskFinished(1455),,GetItemSpace >= 1,,,,0,4998,1,0,0,0,0,0,0,,0,,0,99,70 ,AddExp(52500);AddNimbus(26250);AddMoney(7980),,,,"em;AddItemEx(291,0,1,1)
fm;AddItemEx(300,0,1,1)
bh;AddItemEx(309,0,1,1)
qc;AddItemEx(616,0,1,1)
xq;AddItemEx(694,0,1,1)",0,,
1457,寻找女童安雅,34,64,0,1,,,,1,62,99,all,,,,,,,,0,0,0,0,0,0,0,0,0,,0,,0,99,20 ,AddExp(15000);AddNimbus(7500);AddMoney(2280),,,,,0,,
1458,解除重围,34,64,1,1,,,1,1,62,99,all,,CheckTaskFinished(1457),,,,,,0,0,0,0,0,0,0,0,0,2,5026,1,0,99,60 ,AddExp(45000);AddNimbus(22500);AddMoney(6840),,,,,0,,
1459,魔教来犯,34,65,0,1,,,,1,62,99,all,,CheckTaskFinished(1458),,,,,,0,4999,20,0,0,0,0,0,0,,0,,0,99,45 ,AddExp(34200);AddNimbus(17100);AddMoney(5130),,,,,0,,
1460,严阵以待,34,65,0,1,,,,1,62,99,all,,CheckTaskFinished(1459),,,,,,0,5000,20,0,0,0,0,0,0,,0,,0,99,45 ,AddExp(34200);AddNimbus(17100);AddMoney(5130),,,,,0,,
1461,一手遮天,34,65,1,1,,,,1,62,99,all,,CheckTaskFinished(1460),,GetItemSpace >= 1,,,,0,5003,1,0,0,0,0,0,0,,0,,0,99,75 ,AddExp(57000);AddNimbus(28500);AddMoney(8550),,,,"em;AddItemEx(100,0,1,1)
fm;AddItemEx(127,0,1,1)
bh;AddItemEx(154,0,1,1)
qc;AddItemEx(598,0,1,1)
xq;AddItemEx(676,0,1,1)",0,,
,,,,,,,,,,,,,,,,,,,,,,,,,,,,,,,,,,,,,,,,,,
1462,收获的季节,34,61,0,1,,,,1,61,99,all,,,,,,,,0,0,0,4367,10,4973,4367,1,10,,0,,0,99,40 ,AddExp(28800);AddNimbus(14400);AddMoney(4320),,,,,0,,
1463,九层塔，十里香,34,61,0,1,,,,1,61,99,all,,CheckTaskFinished(1462),,,,,,0,0,0,4368,10,4971,4368,0.5,10,,0,,0,99,40 ,AddExp(28800);AddNimbus(14400);AddMoney(4320),,,,,0,,
1464,稀缺麝香,34,61,0,1,,,,1,61,99,all,,CheckTaskFinished(1463),,,,,,0,0,0,4369,10,4972,4369,0.5,10,,0,,0,99,45 ,AddExp(32400);AddNimbus(16200);AddMoney(4860),,,,,0,,
1465,寻找合适的容器,34,62,1,1,,,,1,61,99,all,,CheckTaskFinished(1464),,GetItemSpace >= 1,,,,0,0,0,4373,1,4977,4373,1,1,,0,,0,99,65 ,AddExp(47450);AddNimbus(23725);AddMoney(7215),"AddItemEx(4431,0,0,1)",,,,0,,
1466,制作九龙麝香雪玉膏,34,62,0,1,,,,1,61,99,all,,"CheckTaskFinished(1465)
GetTaskItemSpace >= 1",,GetItemSpace >= 1,,"AddItem(4417,1)",,0,0,0,3517;2051,3;3,0,0,0,0,,0,,0,99,50 ,AddExp(36500);AddNimbus(18250);AddMoney(5550),,,,,0,,
1467,九龙麝香黑玉膏,34,62,0,1,,,,1,61,99,all,,CheckTaskFinished(1466),,GetItemSpace >= 1,,,,0,0,0,3517;2051,1;1,0,0,0,0,,0,,0,99,45 ,AddExp(32850);AddNimbus(16425);AddMoney(4995),"AddItemEx(4418,0,0,1)",,,,0,,
1468,救治受伤村民,34,62,0,1,,,,1,61,99,all,,CheckTaskFinished(1466),,,,,,0,0,0,4417,1,0,0,0,0,,0,,0,99,75 ,AddExp(54750);AddNimbus(27375);AddMoney(8325),,,,,0,,
1469,和玉甘露,34,63,0,1,,,,1,61,99,all,,,,,,,,0,0,0,4386,15,4984,4386,0.5,15,,0,,0,99,47 ,AddExp(34780);AddNimbus(17390);AddMoney(5217),,,,,0,,
1470,冬虫灵芝,34,63,0,1,,,,1,61,99,all,,CheckTaskFinished(1469),,,,,,0,0,0,4387,15,4985,4387,0.5,15,,0,,0,99,47 ,AddExp(34780);AddNimbus(17390);AddMoney(5217),,,,,0,,
1471,难求药引,34,63,0,1,,,,1,61,99,all,,CheckTaskFinished(1470),,GetItemSpace >= 1,,,,0,0,0,2014,10,0,0,0,0,,0,,0,99,47 ,AddExp(34780);AddNimbus(17390);AddMoney(5217),,,,,0,,
1472,药到病除,34,64,0,1,,,,1,61,99,all,,"CheckTaskFinished(1471)
GetItemSpace >= 1","AddItem(4429,1)",,,,"RemoveItem(4429,1)",0,5012,1,0,0,0,0,0,0,,0,,0,99,60 ,AddExp(45000);AddNimbus(22500);AddMoney(6840),,,,,0,,
1473,相借古籍药典,34,64,0,1,,,,1,62,99,all,,,,,,,,0,0,0,0,0,0,0,0,0,,0,,0,99,32 ,AddExp(24000);AddNimbus(12000);AddMoney(3648),,,,,0,,
1474,开启古籍药典,34,64,0,1,,,,1,62,99,all,,CheckTaskFinished(1473),,,,,,0,0,0,504,1,0,0,0,0,,0,,0,99,45 ,AddExp(33750);AddNimbus(16875);AddMoney(5130),,,,,0,,
1475,地蝎蛰刺,34,64,0,1,,,,1,62,99,all,,CheckTaskFinished(1474),,,,,,0,0,0,4394,15,4992,4394,0.5,15,,0,,0,99,50 ,AddExp(37500);AddNimbus(18750);AddMoney(5700),,,,,0,,
1476,吸积地灵之气,34,65,0,1,,,,1,62,99,all,,CheckTaskFinished(1475),,,,,,0,0,0,4405,15,5004,4405,1,15,,0,,0,99,50 ,AddExp(38000);AddNimbus(19000);AddMoney(5700),,,,,0,,
1477,日月之精华,34,65,0,1,,,,1,62,99,all,,CheckTaskFinished(1476),,,,,,0,0,0,4406,15,5005,4406,0.5,15,,0,,0,99,50 ,AddExp(38000);AddNimbus(19000);AddMoney(5700),,,,,0,,
1478,融人杰之力,34,65,0,1,,,,1,62,99,all,,CheckTaskFinished(1477),,,,,,0,0,0,514,5,0,0,0,0,,0,,0,99,40 ,AddExp(30400);AddNimbus(15200);AddMoney(4560),,,,,0,,
1479,浑然天成,34,65,0,1,,,,1,62,99,all,,CheckTaskFinished(1478),,GetItemSpace >= 1,,,,0,0,0,4407,15,5006,4407,0.5,15,,0,,0,99,65 ,AddExp(49400);AddNimbus(24700);AddMoney(7410),"AddItemEx(4415,0,0,1)",,,,0,,
,,,,,,,,,,,,,,,,,,,,,,,,,,,,,,,,,,,,,,,,,,
1480,百蛮山山神祭祀大会,34,61,0,1,,,,1,61,99,all,,,,,,,,0,0,0,0,0,0,0,0,0,,0,,0,99,20 ,AddExp(14400);AddNimbus(7200);AddMoney(2160),,,,,0,,
1481,供奉山神的麝肉,34,61,0,1,,,,1,61,99,all,,,,,,,,0,0,0,4370,10,4972,4370,0.5,10,,0,,0,99,45 ,AddExp(32400);AddNimbus(16200);AddMoney(4860),,,,,0,,
1482,祭祀大会的鲜果,34,61,0,1,,,,1,61,99,all,,,,,,,,0,0,0,4371,15,4974,4371,1,15,,0,,0,99,45 ,AddExp(32400);AddNimbus(16200);AddMoney(4860),,,,,0,,
1483,供奉山神的玉帛,34,62,0,1,,,,1,61,99,all,,CheckTaskFinished(1482),,,,,,0,0,0,4374,15,4978,4374,1,15,,0,,0,99,45 ,AddExp(32850);AddNimbus(16425);AddMoney(4995),,,,,0,,
1484,祭祀万灵的蛇血,34,62,0,1,,,,1,61,99,all,,CheckTaskFinished(1481),,,,,,0,0,0,4375,10,4971,4375,0.5,10,,0,,0,99,45 ,AddExp(32850);AddNimbus(16425);AddMoney(4995),,,,,0,,
1485,祭祀大会落幕,34,62,0,1,,,,1,61,99,all,,CheckTaskFinished(1483);CheckTaskFinished(1484),,,,,,0,0,0,0,0,0,0,0,0,,0,,0,99,45 ,AddExp(32850);AddNimbus(16425);AddMoney(4995),,,,,0,,
1486,祭司的制裁,34,63,0,1,,,,1,61,99,all,,,,,,,,0,0,0,4389,1,4984,4389,0.025,1,,0,,0,99,45 ,AddExp(33300);AddNimbus(16650);AddMoney(4995),,,,,0,,
1487,山神的愤怒,34,63,0,1,,,,1,61,99,all,,CheckTaskFinished(1486),,,,,,0,0,0,4390,1,4986,4390,0.025,1,,0,,0,99,55 ,AddExp(40700);AddNimbus(20350);AddMoney(6105),,,,,0,,
1488,忧心忡忡,34,63,0,1,,,,1,61,99,all,,CheckTaskFinished(1487),,,,,,0,0,0,4391,5,4987,4391,0.05,5,,0,,0,99,55 ,AddExp(40700);AddNimbus(20350);AddMoney(6105),,,,,0,,
1489,算破天机,34,64,0,1,,,,1,61,99,all,,CheckTaskFinished(1488),,,,,,0,0,0,0,0,0,0,0,0,,0,,0,99,20 ,AddExp(15000);AddNimbus(7500);AddMoney(2280),,,,,0,,
1490,求助医师,34,64,0,1,,,,1,61,99,all,,CheckTaskFinished(1489),,,,,,0,0,0,0,0,0,0,0,0,,0,,0,99,20 ,AddExp(15000);AddNimbus(7500);AddMoney(2280),,,,,0,,
1491,奇石雄黄,34,64,0,1,,,,1,61,99,all,,CheckTaskFinished(1490),,,,,,0,0,0,4395,15,4994,4395,0.5,15,,0,,0,99,46 ,AddExp(34500);AddNimbus(17250);AddMoney(5244),,,,,0,,
1492,见血封喉,34,64,0,1,,,,1,61,99,all,,CheckTaskFinished(1491),,,,,,0,0,0,4396,15,4991,4396,0.5,15,,0,,0,99,46 ,AddExp(34500);AddNimbus(17250);AddMoney(5244),,,,,0,,
1493,混世精元,34,65,0,1,,,,1,61,99,all,,CheckTaskFinished(1492),,,,,,0,0,0,4408,1,5003,4408,1,1,,0,,0,99,48 ,AddExp(36480);AddNimbus(18240);AddMoney(5472),,,,,0,,
1494,玄火精炼,34,65,0,1,,,,1,61,99,all,,CheckTaskFinished(1493),,,,,,0,0,0,4409,5,5007,4409,0.05,5,,0,,0,99,55 ,AddExp(41800);AddNimbus(20900);AddMoney(6270),,,,,0,,
1495,瑶池珍品,34,65,0,1,,,,1,61,99,all,,CheckTaskFinished(1494),,GetItemSpace >= 1,,,,0,0,0,4410,5,5009,4410,0.05,5,,0,,0,99,70 ,AddExp(53200);AddNimbus(26600);AddMoney(7980),"AddItemEx(4416,0,0,1)",,,,0,,
,,,,,,,,,,,,,,,,,,,,,,,,,,,,,,,,,,,,,,,,,,
1496,蹉跎岁月,34,63,0,1,,,,1,61,99,all,,,,,,,,0,0,0,0,0,0,0,0,0,,0,,0,99,25 ,AddExp(18500);AddNimbus(9250);AddMoney(2775),,,,,0,,
1497,小试牛刀,34,64,0,1,,,,1,61,99,all,,,,,,,,0,4993,25,0,0,0,0,0,0,,0,,0,99,49 ,AddExp(36750);AddNimbus(18375);AddMoney(5586),,,,,0,,
1498,古籍由来,34,64,0,1,,,,1,61,99,all,,CheckTaskFinished(1497),,,,,,0,0,0,0,0,0,0,0,0,,0,,0,99,25 ,AddExp(18750);AddNimbus(9375);AddMoney(2850),,,,,0,,
1499,委以重任,34,64,0,1,,,,1,61,99,all,,CheckTaskFinished(1498),,,,,,0,0,0,4397,5,4990,4397,0.05,5,,0,,0,99,55 ,AddExp(41250);AddNimbus(20625);AddMoney(6270),,,,,0,,
1500,蓄势待发,34,64,0,1,,,,1,61,99,all,,CheckTaskFinished(1499),,,,,,0,4991,25,0,0,0,0,0,0,,0,,0,99,57 ,AddExp(42750);AddNimbus(21375);AddMoney(6498),,,,,0,,
1501,深入洞穴,34,64,0,1,,,,1,61,99,all,,CheckTaskFinished(1500),,,,,,0,4992,25,0,0,0,0,0,0,,0,,0,99,58 ,AddExp(43500);AddNimbus(21750);AddMoney(6612),,,,,0,,
1502,古籍归一,34,64,0,1,,,,1,61,99,all,,CheckTaskFinished(1501),,,,,,0,0,0,4398,1,5028,4398,1,1,,0,,0,99,60 ,AddExp(45000);AddNimbus(22500);AddMoney(6840),,,,,0,,
1503,恩怨情仇,34,65,0,1,,,,1,62,99,all,,CheckTaskFinished(1502),,,,,,0,0,0,0,0,0,0,0,0,,0,,0,99,27 ,AddExp(20520);AddNimbus(10260);AddMoney(3078),,,,,0,,
1504,玄火归元,34,65,0,1,,,,1,62,99,all,,CheckTaskFinished(1503),,,,,,0,0,0,4411,1,5007,4411,0.02,1,,0,,0,99,60 ,AddExp(45600);AddNimbus(22800);AddMoney(6840),,,,,0,,
1505,水灵归元,34,65,0,1,,,,1,62,99,all,,CheckTaskFinished(1504),,,,,,0,0,0,4412,1,5005,4412,0.02,1,,0,,0,99,60 ,AddExp(45600);AddNimbus(22800);AddMoney(6840),,,,,0,,
1506,陈木归元,34,65,0,1,,,,1,62,99,all,,CheckTaskFinished(1505),,,,,,0,0,0,4413,1,5006,4413,0.02,1,,0,,0,99,60 ,AddExp(45600);AddNimbus(22800);AddMoney(6840),,,,,0,,
1507,金靡归元,34,65,0,1,,,,1,62,99,all,,CheckTaskFinished(1506),,,,,,0,0,0,4414,1,5009,4414,0.02,1,,0,,0,99,60 ,AddExp(45600);AddNimbus(22800);AddMoney(6840),,,,,0,,
1508,四象归位，万恶俱除,34,65,1,1,,,,1,62,99,all,,CheckTaskFinished(1507),,GetItemSpace >= 2,,,,0,5001,1,0,0,0,0,0,0,,0,,0,99,80 ,AddExp(60800);AddNimbus(30400);AddMoney(9120),"AddItemEx(4430,0,0,1)
AddItemEx(4431,0,0,1)",,,,0,,
1509,驱鬼除魔,34,62,0,1,,,,1,61,99,all,,,,,,,,0,4985;4986;4987,10;10;10,0,0,0,0,0,0,,0,,0,99,60 ,AddExp(43800);AddNimbus(21900);AddMoney(6660),,,,,0,,
1510,为我出头,34,61,0,1,,,,1,61,99,all,,,,,,,,0,4968;4969;4976,10;10;10,0,0,0,0,0,0,,0,,0,99,60 ,AddExp(43200);AddNimbus(21600);AddMoney(6480),,,,,0,,
1511,麝香月龙天地灵物,34,61,0,1,,,,1,61,99,all,,CheckTaskFinished(1462),,,,,,0,0,0,4367;4369,15;10,4973;4972,4367;4369,1;0.5,15;10,,0,,0,99,50 ,AddExp(36000);AddNimbus(18000);AddMoney(5400),,,,,0,,
1512,好友的问候,34,60,0,1,,,,1,61,99,all,,,,,,,,0,0,0,0,0,0,0,0,0,,0,,0,99,15 ,AddExp(10650);AddNimbus(5325);AddMoney(1620),,,,,0,,
1513,内心的恐惧,34,61,0,1,,,,1,61,99,all,,,,,,,,0,4970;4977,1;1,0,0,0,0,0,0,,0,,0,99,60 ,AddExp(43200);AddNimbus(21600);AddMoney(6480),,,,,0,,
1514,驱魔者的使命,34,64,0,1,,,,1,61,99,all,,,,,,,,0,4990;4991;4992;4994,10;10;10;10,0,0,0,0,0,0,,0,,0,99,60 ,AddExp(45000);AddNimbus(22500);AddMoney(6840),,,,,0,,
,,,,,,,,,,,,,,,,,,,,,,,,,,,,,,,,,,,,,,,,,,
1515,恶鬼峡的动向,34,66,0,1,,,,1,65,99,all,,,,,,,,0,0,0,4581,15,5111,4581,1,15,,0,,0,99,25 ,AddExp(19250);AddNimbus(9625);AddMoney(2925),,,,,0,,
1516,失落的青螺宫,34,66,0,1,,,,1,65,99,all,,CheckTaskFinished(1515),,,,,,0,5062,20,0,0,0,0,0,0,,0,,0,99,50 ,AddExp(38500);AddNimbus(19250);AddMoney(5850),,,,,0,,
1517,钢筋铁骨,34,66,0,1,,,,1,65,99,all,,CheckTaskFinished(1516),,,,,,0,0,0,0,0,0,0,0,0,,0,,0,99,25 ,AddExp(19250);AddNimbus(9625);AddMoney(2925),,,,,0,,
1518,破解之道,34,66,0,1,,,,1,65,99,all,,CheckTaskFinished(1517),,,,,,0,0,0,4582,10,5065,4582,0.5,10,,0,,0,99,50 ,AddExp(38500);AddNimbus(19250);AddMoney(5850),,,,,0,,
1519,胜之不武,34,66,0,1,,,,1,65,99,all,,CheckTaskFinished(1518),,,,,,0,5063,20,0,0,0,0,0,0,,0,,0,99,50 ,AddExp(38500);AddNimbus(19250);AddMoney(5850),,,,,0,,
1520,迦楼罗神力,34,66,0,1,,,,1,65,99,all,,CheckTaskFinished(1519),"AddItem(4583,1)",,,"RemoveItem(4583,1)","RemoveItem(4583,1)",0,0,0,0,0,0,0,0,0,,0,,4583,1,50 ,AddExp(38500);AddNimbus(19250);AddMoney(5850),,,,,0,,
1521,三魔落网,34,66,1,1,,,,1,65,99,all,,CheckTaskFinished(1520),,,,,,0,5101,1,0,0,0,0,0,0,,0,,0,99,60 ,AddExp(46200);AddNimbus(23100);AddMoney(7020),,,,"em;AddItemEx(318,0,1,1)
fm;AddItemEx(327,0,1,1)
bh;AddItemEx(336,0,1,1)
qc;AddItemEx(625,0,1,1)
xq;AddItemEx(703,0,1,1)",0,,
1522,道统传承的下落,34,66,0,1,,,,1,65,99,all,,,,,,,,0,0,0,4584,10,5064,4584,0.5,10,,0,,0,99,50 ,AddExp(38500);AddNimbus(19250);AddMoney(5850),,,,,0,,
1523,宝石的异变,34,66,0,1,,,,1,65,99,all,,CheckTaskFinished(1522),,,,,,0,0,0,0,0,0,0,0,0,,0,,0,99,25 ,AddExp(19250);AddNimbus(9625);AddMoney(2925),,,,,0,,
1524,寻根求底,34,66,0,1,,,,1,65,99,all,,CheckTaskFinished(1523),,,,,,0,0,0,4585,15,5112,4585,1,15,,0,,0,99,50 ,AddExp(38500);AddNimbus(19250);AddMoney(5850),,,,,0,,
1525,火眼狻猊,34,66,0,1,,,,1,65,99,all,,CheckTaskFinished(1524),,,,,,0,0,0,4586,10,5066,4586,0.5,10,,0,,0,99,50 ,AddExp(38500);AddNimbus(19250);AddMoney(5850),,,,,0,,
1526,灵光重现,34,66,0,1,,,,1,65,99,all,,"CheckTaskFinished(1525)
GetTaskItemSpace >= 1","AddItem(4587,1)",,,"RemoveItem(4587,1)","RemoveItem(4587,1)",0,0,0,4587,1,0,0,0,1,,0,,0,99,25 ,AddExp(19250);AddNimbus(9625);AddMoney(2925),,,,,0,,
1527,愤愤不平,34,66,0,1,,,,1,65,99,all,,CheckTaskFinished(1526),,,,,,0,0,0,0,0,0,0,0,0,,0,,0,99,25 ,AddExp(19250);AddNimbus(9625);AddMoney(2925),,,,,0,,
1528,掉包的补偿,34,66,0,1,,,,1,65,99,all,,CheckTaskFinished(1527),,,,,,0,0,0,4588,10,5063,4588,0.5,10,,0,,0,99,50 ,AddExp(38500);AddNimbus(19250);AddMoney(5850),,,,,0,,
1529,下不为例,34,66,0,1,,,,1,65,99,all,,CheckTaskFinished(1528),,,,,,0,0,0,0,0,0,0,0,0,,0,,0,99,25 ,AddExp(19250);AddNimbus(9625);AddMoney(2925),,,,,0,,
1530,以攻代守,34,66,0,1,,,,1,65,99,all,,CheckTaskFinished(1529),,,,,,0,5064,20,0,0,0,0,0,0,,0,,0,99,50 ,AddExp(38500);AddNimbus(19250);AddMoney(5850),,,,,0,,
1531,青玉奇珍,34,66,0,1,,,,1,65,99,all,,CheckTaskFinished(1530),,,,,,0,0,0,4589,10,5067,4589,0.5,10,,0,,0,99,50 ,AddExp(38500);AddNimbus(19250);AddMoney(5850),,,,,0,,
1532,特殊的召集,34,66,0,1,,,,1,65,99,all,,"CheckTaskFinished(1531)
GetTaskItemSpace >= 1","AddItem(4590,1)",,,"RemoveItem(4590,1)","RemoveItem(4590,1)",0,0,0,0,0,0,0,0,0,,0,,4590,1,45 ,AddExp(34650);AddNimbus(17325);AddMoney(5265),,,,,0,,
1533,师徒伏诛,34,66,1,1,,,,1,65,99,all,,CheckTaskFinished(1532),,,,,,0,5100,1,0,0,0,0,0,0,,0,,0,99,70 ,AddExp(53900);AddNimbus(26950);AddMoney(8190),,,,,0,,
1534,鬼气冲天,34,67,0,1,,,,1,66,99,all,,GetTaskItemSpace >= 1,"AddItem(4591,1)",,,"RemoveItem(4591,1)","RemoveItem(4591,1)",0,0,0,0,0,0,0,0,0,,0,,4591,1,40 ,AddExp(31200);AddNimbus(15600);AddMoney(4680),,,,,0,,
1536,杀生石,34,67,0,1,,,,1,66,99,all,,CheckTaskFinished(1534),,,,,,0,5071,20,0,0,0,0,0,0,,0,,0,99,55 ,AddExp(42900);AddNimbus(21450);AddMoney(6435),,,,,0,,
1537,驱魔之阵,34,67,0,1,,,,1,66,99,all,,CheckTaskFinished(1536),,,,,,0,0,0,4592,10,5069,4592,0.5,10,,0,,0,99,55 ,AddExp(42900);AddNimbus(21450);AddMoney(6435),,,,,0,,
1538,从容应对,34,67,0,1,,,,1,66,99,all,,CheckTaskFinished(1537),,,,,,0,0,0,4593,10,5072,4593,0.5,10,,0,,0,99,55 ,AddExp(42900);AddNimbus(21450);AddMoney(6435),,,,,0,,
1539,大阵初成,34,67,0,1,,,,1,66,99,all,,"CheckTaskFinished(1538)
GetTaskItemSpace >= 1","AddItem(4594,1)",,,"RemoveItem(4594,1)","RemoveItem(4594,1)",0,5074,1,0,0,0,0,0,0,,0,,4594,1,40 ,AddExp(31200);AddNimbus(15600);AddMoney(4680),,,,,0,,
1540,邪气陡现,34,67,0,1,,,,1,66,99,all,,CheckTaskFinished(1539),,,,,,0,5073,20,0,0,0,0,0,0,,0,,0,99,44 ,AddExp(34320);AddNimbus(17160);AddMoney(5148),,,,,0,,
1541,风灵源体,34,67,0,1,,,,1,66,99,all,,CheckTaskFinished(1540),,,,,,0,0,0,0,0,0,0,0,0,,0,,0,99,25 ,AddExp(19500);AddNimbus(9750);AddMoney(2925),,,,,0,,
1542,祭风妖台,34,67,1,1,,,,1,66,99,all,,CheckTaskFinished(1541),,,,,,0,5103,1,0,0,0,0,0,0,,0,,0,99,75 ,AddExp(58500);AddNimbus(29250);AddMoney(8775),"AddItemEx(244,0,51,1)",,,,0,,
1543,雪魂珠之争,34,67,0,1,,,,1,66,99,all,,,,,,,,0,0,0,0,0,0,0,0,0,,0,,0,99,25 ,AddExp(19500);AddNimbus(9750);AddMoney(2925),,,,,0,,
1544,天劫地火,34,67,0,1,,,,1,66,99,all,,CheckTaskFinished(1543),,,,,,0,0,0,4595,10,5073,4595,0.5,10,,0,,0,99,55 ,AddExp(42900);AddNimbus(21450);AddMoney(6435),,,,,0,,
1545,原火之灵,34,67,0,1,,,,1,66,99,all,,CheckTaskFinished(1544),,,,,,0,5076;5077;5078,1;1;1,0,0,0,0,0,0,,0,,0,99,55 ,AddExp(42900);AddNimbus(21450);AddMoney(6435),,,,,0,,
1546,水克火,34,67,0,1,,,,1,66,99,all,,"CheckTaskFinished(1544)
GetTaskItemSpace >= 3","AddItem(4596,1);
AddItem(4692,1);
AddItem(4693,1);",,,"RemoveItem(4596,1);
RemoveItem(4692,1);
RemoveItem(4693,1);","RemoveItem(4596,1);
RemoveItem(4692,1);
RemoveItem(4693,1);",0,0,0,0,0,0,0,0,0,,0,,4596;4692;4693,1;1;1,40 ,AddExp(31200);AddNimbus(15600);AddMoney(4680),,,,,0,,
1548,怪犬的尸毒,34,67,0,1,,,,1,66,99,all,,CheckTaskFinished(1546),,,,,,0,0,0,4597,10,5070,4597,0.5,10,,0,,0,99,55 ,AddExp(42900);AddNimbus(21450);AddMoney(6435),,,,,0,,
1549,解毒的药引,34,67,0,1,,,,1,66,99,all,,CheckTaskFinished(1548),,,,,,0,0,0,4598,1,5304,4598,1,1,,0,,0,1,40 ,AddExp(31200);AddNimbus(15600);AddMoney(4680),,,,,0,,
1550,灵丹妙药,34,67,0,1,,,,1,66,99,all,,"CheckTaskFinished(1549)
GetTaskItemSpace >= 1","AddItem(4599,1)",,,"RemoveItem(4599,1)","RemoveItem(4599,1)",0,0,0,0,0,0,0,0,0,,0,,4599,1,40 ,AddExp(31200);AddNimbus(15600);AddMoney(4680),,,,,0,,
1551,另辟蹊径,34,67,0,1,,,,1,66,99,all,,CheckTaskFinished(1546),,,,,,0,5072,20,0,0,0,0,0,0,,0,,0,99,55 ,AddExp(42900);AddNimbus(21450);AddMoney(6435),,,,,0,,
1552,黑煞落魂砂,34,67,0,1,,,,1,66,99,all,,CheckTaskFinished(1551),,,,,,0,0,0,4600,15,5113,4600,1,15,,0,,0,99,45 ,AddExp(35100);AddNimbus(17550);AddMoney(5265),,,,,0,,
1553,冥府法宝,34,67,0,1,,,,1,66,99,all,,CheckTaskFinished(1552),,,,,,0,0,0,4601,10,5075,4601,0.5,10,,0,,0,99,55 ,AddExp(42900);AddNimbus(21450);AddMoney(6435),,,,,0,,
1554,天师恶徒露面,34,67,0,1,,,,1,66,99,all,,CheckTaskFinished(1553),,,,,,0,0,0,0,0,0,0,0,0,,0,,0,99,25 ,AddExp(19500);AddNimbus(9750);AddMoney(2925),,,,,0,,
1555,夺回雪魂珠,34,67,1,1,,,,1,66,99,all,,CheckTaskFinished(1554),,,,,,0,0,0,4602,1,5102,4602,1,1,,0,,0,99,80 ,AddExp(62400);AddNimbus(31200);AddMoney(9360),,,,,0,,
1556,毒物与药草,34,68,0,1,,,,1,67,99,all,,,,,,,,0,0,0,4603,15,5114,4603,1,15,,0,,0,99,40 ,AddExp(31600);AddNimbus(15800);AddMoney(4800),,,,,0,,
1557,配药解毒,34,68,0,1,,,,1,67,99,all,,"CheckTaskFinished(1556)
GetTaskItemSpace >= 1","AddItem(4604,1)",,,"RemoveItem(4604,1)","RemoveItem(4604,1)",0,0,0,0,0,0,0,0,0,,0,,4604,1,40 ,AddExp(31600);AddNimbus(15800);AddMoney(4800),,,,,0,,
1558,毒物初现,34,68,0,1,,,,1,67,99,all,,,,,,,,0,5084,20,0,0,0,0,0,0,,0,,0,99,55 ,AddExp(43450);AddNimbus(21725);AddMoney(6600),,,,,0,,
1559,巨大的毒虫,34,68,0,1,,,,1,67,99,all,,"CheckTaskFinished(1558)
GetTaskItemSpace >= 1","AddItem(4631,1)",,,"RemoveItem(4631,1)","RemoveItem(4631,1)",0,0,0,0,0,0,0,0,0,3,5085,1,0,99,40 ,AddExp(31600);AddNimbus(15800);AddMoney(4800),,,,,0,,
1560,镇山之塔,34,68,0,1,,,,1,67,99,all,,"CheckTaskFinished(1559)
GetTaskItemSpace >= 1","AddItem(4605,1)",,,"RemoveItem(4605,1)","RemoveItem(4605,1)",0,0,0,0,0,0,0,0,0,,0,,4605,1,40 ,AddExp(31600);AddNimbus(15800);AddMoney(4800),,,,,0,,
1561,天外魔铁,34,68,0,1,,,,1,67,99,all,,CheckTaskFinished(1560),,,,,,0,0,0,4606,15,5115,4606,1,15,,0,,0,99,40 ,AddExp(31600);AddNimbus(15800);AddMoney(4800),,,,,0,,
1562,妖魔肆虐,34,68,0,1,,,,1,67,99,all,,,,,,,,0,5079,20,0,0,0,0,0,0,,0,,0,99,55 ,AddExp(43450);AddNimbus(21725);AddMoney(6600),,,,,0,,
1563,赤身洞之谜,34,68,0,1,,,,1,67,99,all,,CheckTaskFinished(1562),,,,,,0,5086,8,0,0,0,0,0,0,,0,,0,99,55 ,AddExp(43450);AddNimbus(21725);AddMoney(6600),,,,,0,,
1564,长臂神魔,34,68,1,1,,,,1,67,99,all,,CheckTaskFinished(1563),,,,,,0,5104,1,0,0,0,0,0,0,,0,,0,99,85 ,AddExp(67150);AddNimbus(33575);AddMoney(10200),,,,"em;AddItemEx(82,0,1,1)
fm;AddItemEx(109,0,1,1)
bh;AddItemEx(136,0,1,1)
qc;AddItemEx(580,0,1,1)
xq;AddItemEx(658,0,1,1)",0,,
1565,恐怖的蜘蛛,34,68,0,1,,,,1,67,99,all,,,,,,,,0,5087,20,0,0,0,0,0,0,,0,,0,99,40 ,AddExp(31600);AddNimbus(15800);AddMoney(4800),,,,,0,,
1566,赤身洞毒王,34,68,0,1,,,,1,67,99,all,,,,,,,,0,5080,20,0,0,0,0,0,0,,0,,0,99,55 ,AddExp(43450);AddNimbus(21725);AddMoney(6600),,,,,0,,
1567,伏魔灵丹,34,68,0,1,,,,1,67,99,all,,,,,,,,0,0,0,4607,15,5080,4607,0.5,15,,0,,0,99,55 ,AddExp(43450);AddNimbus(21725);AddMoney(6600),,,,,0,,
1568,焚烧蛛穴,34,68,0,1,,,,1,67,99,all,,"CheckTaskFinished(1565);
GetTaskItemSpace >= 1","AddItem(4608,1)",,,"RemoveItem(4608,1)","RemoveItem(4608,1)",0,0,0,0,0,0,0,0,0,,0,,4608,1,40 ,AddExp(31600);AddNimbus(15800);AddMoney(4800),,,,,0,,
1569,善恶有别,34,68,0,1,,,,1,67,99,all,,,,,,,,0,0,0,4609,15,5081;5082,4609;4609,0.5;0.5,15;15,,0,,0,99,55 ,AddExp(43450);AddNimbus(21725);AddMoney(6600),,,,,0,,
1570,特殊的救治,34,68,0,1,,,,1,67,99,all,,"CheckTaskFinished(1569)
GetTaskItemSpace >= 1","AddItem(4610,1)",,,"RemoveItem(4610,1)","RemoveItem(4610,1)",0,0,0,0,0,0,0,0,0,,0,,4610,1,40 ,AddExp(31600);AddNimbus(15800);AddMoney(4800),,,,,0,,
1571,万劫不复,34,68,0,1,,,,1,67,99,all,,,,,,,,0,5081,20,0,0,0,0,0,0,,0,,0,99,55 ,AddExp(43450);AddNimbus(21725);AddMoney(6600),,,,,0,,
1572,巫蛊奴长老,34,68,0,1,,,1,1,67,99,all,,CheckTaskFinished(1570),,,,,,0,0,0,0,0,0,0,0,0,2,5134,1,0,99,75 ,AddExp(59250);AddNimbus(29625);AddMoney(9000),,,,,0,,
1573,巫蛊宗师,34,68,1,1,,,,1,67,99,all,,CheckTaskFinished(1572),,,,,,0,5105,1,0,0,0,0,0,0,,0,,0,99,85 ,AddExp(67150);AddNimbus(33575);AddMoney(10200),,,,,0,,
1574,巧设智文石,34,68,0,1,,,,1,67,99,all,,GetTaskItemSpace >= 1,"AddItem(4611,1)",,,"RemoveItem(4611,1)","RemoveItem(4611,1)",0,0,0,0,0,0,0,0,0,,0,,4611,1,40 ,AddExp(31600);AddNimbus(15800);AddMoney(4800),,,,,0,,
1575,棋逢对手,34,68,0,1,,,,1,67,99,all,,CheckTaskFinished(1574),,,,,,0,5083,20,0,0,0,0,0,0,,0,,0,99,55 ,AddExp(43450);AddNimbus(21725);AddMoney(6600),,,,,0,,
1576,观摩仿制,34,68,0,1,,,,1,67,99,all,,CheckTaskFinished(1574),,,,,,0,0,0,4612,15,5083,4612,0.5,15,,0,,0,99,50 ,AddExp(39500);AddNimbus(19750);AddMoney(6000),,,,,0,,
1577,还治其人之身,34,68,0,1,,,,1,67,99,all,,"CheckTaskFinished(1575);
CheckTaskFinished(1576);
GetTaskItemSpace >= 1","AddItem(4613,1)",,,"RemoveItem(4613,1)","RemoveItem(4613,1)",0,0,0,0,0,0,0,0,0,,0,,4613,1,40 ,AddExp(31600);AddNimbus(15800);AddMoney(4800),,,,,0,,
1578,百花门人,34,69,0,1,,,,1,68,99,all,,,,,,,,0,0,0,0,0,0,0,0,0,,0,,0,99,30 ,AddExp(24000);AddNimbus(12000);AddMoney(3600),,,,,0,,
1579,妖魔逼近,34,69,0,1,,,,1,68,99,all,,CheckTaskFinished(1578),,,,,,0,5090,20,0,0,0,0,0,0,,0,,0,99,55 ,AddExp(44000);AddNimbus(22000);AddMoney(6600),,,,,0,,
1580,魔门的坐骑,34,69,0,1,,,,1,68,99,all,,CheckTaskFinished(1581),,,,,,0,5089,20,0,0,0,0,0,0,,0,,0,99,55 ,AddExp(44000);AddNimbus(22000);AddMoney(6600),,,,,0,,
1581,佛门的救援,34,69,0,1,,,,1,68,99,all,,CheckTaskFinished(1579),,,,,,0,0,0,0,0,0,0,0,0,,0,,0,99,30 ,AddExp(24000);AddNimbus(12000);AddMoney(3600),,,,,0,,
1582,邪恶与怪异,34,69,0,1,,,,1,68,99,all,,CheckTaskFinished(1580),,,,,,0,0,0,0,0,0,0,0,0,,0,,0,99,30 ,AddExp(24000);AddNimbus(12000);AddMoney(3600),,,,,0,,
1583,不死刀客,34,69,0,1,,,,1,68,99,all,,CheckTaskFinished(1582),,,,,,0,5088,20,0,0,0,0,0,0,,0,,0,99,55 ,AddExp(44000);AddNimbus(22000);AddMoney(6600),,,,,0,,
1584,求教达人,34,69,0,1,,,,1,68,99,all,,CheckTaskFinished(1583),,,,,,0,0,0,0,0,0,0,0,0,,0,,0,99,30 ,AddExp(24000);AddNimbus(12000);AddMoney(3600),,,,,0,,
1585,破咒的仙草,34,69,0,1,,,,1,68,99,all,,CheckTaskFinished(1584),,,,,,0,0,0,4614,15,5117,4614,1,15,,0,,0,99,55 ,AddExp(44000);AddNimbus(22000);AddMoney(6600),,,,,0,,
1586,紫鸢仙露,34,69,0,1,,,,1,68,99,all,,"CheckTaskFinished(1585)
GetTaskItemSpace >= 1","AddItem(4615,1)",,,"RemoveItem(4615,1)","RemoveItem(4615,1)",0,0,0,0,0,0,0,0,0,,0,,4615,1,42 ,AddExp(33600);AddNimbus(16800);AddMoney(5040),,,,,0,,
1587,邪术的终结,34,69,0,1,,,,1,68,99,all,,CheckTaskFinished(1586),,,,,,0,5088,20,0,0,0,0,0,0,,0,,0,99,55 ,AddExp(44000);AddNimbus(22000);AddMoney(6600),,,,,0,,
1588,狂妄的洪长豹,34,69,1,1,,,,1,68,99,all,,CheckTaskFinished(1587),,,,,,0,5106,1,0,0,0,0,0,0,,0,,0,99,85 ,AddExp(68000);AddNimbus(34000);AddMoney(10200),"AddItemEx(254,0,101,1)",,,,0,,
1589,青石洲之谜,34,69,0,1,,,,1,68,99,all,,"CheckTaskFinished(1582)
GetTaskItemSpace >= 1","AddItem(4616,1)",,,"RemoveItem(4616,1)","RemoveItem(4616,1)",0,0,0,0,0,0,0,0,0,,0,,4616,1,85 ,AddExp(68000);AddNimbus(34000);AddMoney(10200),,,,,0,,
1590,邪化的精灵,34,69,0,1,,,,1,68,99,all,,"CheckTaskFinished(1589)
GetTaskItemSpace >= 1","AddItem(4632,1)",,,"RemoveItem(4632,1)","RemoveItem(4632,1)",0,0,0,0,0,0,0,0,0,3,5091,1,0,99,85 ,AddExp(68000);AddNimbus(34000);AddMoney(10200),,,,,0,,
1591,绿洲之花,34,69,0,1,,,,1,68,99,all,,CheckTaskFinished(1592),,,,,,0,0,0,4617,15,5118,4617,1,15,,0,,0,99,50 ,AddExp(40000);AddNimbus(20000);AddMoney(6000),,,,,0,,
1592,雷灵珠的下落,34,69,0,1,,,,1,68,99,all,,CheckTaskFinished(1590),,,,,,0,0,0,0,0,0,0,0,0,,0,,0,99,45 ,AddExp(36000);AddNimbus(18000);AddMoney(5400),,,,,0,,
1593,痛下杀手,34,69,0,1,,,,1,68,99,all,,CheckTaskFinished(1592),,,,,,0,5091,20,0,0,0,0,0,0,,0,,0,99,55 ,AddExp(44000);AddNimbus(22000);AddMoney(6600),,,,,0,,
1594,魔道邪法,34,69,0,1,,,,1,68,99,all,,CheckTaskFinished(1593),,,,,,0,0,0,4618,10,5092,4618,0.5,10,,0,,0,99,50 ,AddExp(40000);AddNimbus(20000);AddMoney(6000),,,,,0,,
1595,报仇雪恨,34,69,0,1,,,,1,68,99,all,,CheckTaskFinished(1593),,,,,,0,5092,20,0,0,0,0,0,0,,0,,0,99,55 ,AddExp(44000);AddNimbus(22000);AddMoney(6600),,,,,0,,
1596,曙光初现,34,69,0,1,,,,1,68,99,all,,"CheckTaskFinished(1594);
CheckTaskFinished(1595)",,,,,,0,0,0,0,0,0,0,0,0,,0,,0,99,42 ,AddExp(33600);AddNimbus(16800);AddMoney(5040),,,,,0,,
1597,失而复得,34,69,1,1,,,,1,68,99,all,,CheckTaskFinished(1596),,,,,,0,0,0,4619,1,5107,4619,1,1,,0,,0,99,85 ,AddExp(68000);AddNimbus(34000);AddMoney(10200),,,,,0,,
1598,尉迟火被困,34,70,0,1,,,,1,69,99,all,,,,,,,,0,0,0,0,0,0,0,0,0,,0,,0,99,30 ,AddExp(24300);AddNimbus(12150);AddMoney(3690),,,,,0,,
1599,补充元气,34,70,0,1,,,,1,69,99,all,,CheckTaskFinished(1598),,,,,,0,5094,20,0,0,0,0,0,0,,0,,0,99,60 ,AddExp(48600);AddNimbus(24300);AddMoney(7380),,,,,0,,
1600,不动明王阵,34,70,0,1,,,,1,69,99,all,,"CheckTaskFinished(1599)
GetTaskItemSpace >= 1","AddItem(4620,1)",,,"RemoveItem(4620,1)","RemoveItem(4620,1)",0,0,0,0,0,0,0,0,0,,0,,4620,1,55 ,AddExp(44550);AddNimbus(22275);AddMoney(6765),,,,,0,,
1601,撤离鬼镇,34,70,0,1,,,1,1,69,99,all,,CheckTaskFinished(1600),,,,,,0,0,0,0,0,0,0,0,0,2,5129,1,0,99,60 ,AddExp(48600);AddNimbus(24300);AddMoney(7380),,,,,0,,
1602,分化敌人,34,70,0,1,,,,1,69,99,all,,CheckTaskFinished(1601),,,,,,0,0,0,4621,10,5096,4621,0.5,10,,0,,0,99,55 ,AddExp(44550);AddNimbus(22275);AddMoney(6765),,,,,0,,
1603,辛辰子的算盘,34,70,0,1,,,,1,69,99,all,,CheckTaskFinished(1602),,,,,,0,5095,20,0,0,0,0,0,0,,0,,0,99,55 ,AddExp(44550);AddNimbus(22275);AddMoney(6765),,,,,0,,
1604,天龙之女神像,34,70,0,1,,,,1,69,99,all,,"CheckTaskFinished(1603)
GetTaskItemSpace >= 1","AddItem(4622,1)",,,"RemoveItem(4622,1)","RemoveItem(4622,1)",0,0,0,0,0,0,0,0,0,,0,,4622,1,50 ,AddExp(40500);AddNimbus(20250);AddMoney(6150),,,,,0,,
1605,梅鹿子师兄,34,70,1,1,,,,1,69,99,all,,CheckTaskFinished(1604),,,,,,0,5110,1,0,0,0,0,0,0,,0,,0,99,85 ,AddExp(68850);AddNimbus(34425);AddMoney(10455),,,,"em;AddItemEx(11,0,152,1)
fm;AddItemEx(31,0,152,1)
bh;AddItemEx(61,0,152,1)
qc;AddItemEx(557,0,152,1)
xq;AddItemEx(635,0,152,1)",0,,
1606,百蛮七宝,34,70,0,1,,,,1,69,99,all,,,,,,,,0,0,0,0,0,0,0,0,0,,0,,0,99,40 ,AddExp(32400);AddNimbus(16200);AddMoney(4920),,,,,0,,
1607,百毒金蚕蛊,34,70,0,1,,,,1,69,99,all,,CheckTaskFinished(1606),,,,,,0,0,0,4623,10,5093,4623,0.5,10,,0,,0,99,55 ,AddExp(44550);AddNimbus(22275);AddMoney(6765),,,,,0,,
1608,寒光碧火,34,70,0,1,,,,1,69,99,all,,CheckTaskFinished(1606),,,,,,0,0,0,4624,15,5119,4624,1,15,,0,,0,99,50 ,AddExp(40500);AddNimbus(20250);AddMoney(6150),,,,,0,,
1609,四上位法宝,34,70,0,1,,,,1,69,99,all,,CheckTaskFinished(1608),,,,,,0,0,0,0,0,0,0,0,0,,0,,0,99,40 ,AddExp(32400);AddNimbus(16200);AddMoney(4920),,,,,0,,
1610,百鬼夜行图,34,70,0,1,,,,1,69,99,all,,CheckTaskFinished(1609),,,,,,0,0,0,4625,10,5094,4625,0.5,10,,0,,0,99,55 ,AddExp(44550);AddNimbus(22275);AddMoney(6765),,,,,0,,
1611,千光琉璃塔,34,70,0,1,,,,1,69,99,all,,CheckTaskFinished(1609),,,,,,0,0,0,4626,10,5097,4626,0.5,10,,0,,0,99,55 ,AddExp(44550);AddNimbus(22275);AddMoney(6765),,,,,0,,
1612,百毒诛仙剑,34,70,0,1,,,,1,69,99,all,,CheckTaskFinished(1609),,,,,,0,0,0,4627,10,5098,4627,0.5,10,,0,,0,99,55 ,AddExp(44550);AddNimbus(22275);AddMoney(6765),,,,,0,,
1613,七宝之首,34,70,0,1,,,,1,69,99,all,,"CheckTaskFinished(1610);
CheckTaskFinished(1611);
CheckTaskFinished(1612);",,,,,,0,0,0,0,0,0,0,0,0,,0,,0,99,40 ,AddExp(32400);AddNimbus(16200);AddMoney(4920),,,,,0,,
1614,玄牝珠之秘,34,70,1,1,,,,1,69,99,all,,"CheckTaskFinished(1611);
CheckTaskFinished(1612);
CheckTaskFinished(1613)",,,,,,0,0,0,4628,1,5108,4628,1,1,,0,,0,99,85 ,AddExp(68850);AddNimbus(34425);AddMoney(10455),,,,"em;AddItemEx(21,0,152,1)
fm;AddItemEx(41,0,152,1)
bh;AddItemEx(51,0,152,1)
qc;AddItemEx(567,0,152,1)
xq;AddItemEx(645,0,152,1)",0,,
1615,秘魔残章,34,70,0,1,,,,1,69,99,all,,GetTaskItemSpace >= 1,"AddItem(4629,1)",,,"RemoveItem(4629,1)","RemoveItem(4629,1)",0,5099,1,0,0,0,0,0,0,,0,,4629,1,55 ,AddExp(44550);AddNimbus(22275);AddMoney(6765),,,,,0,,
1616,镇龙亭,34,70,0,1,,,,1,69,99,all,,CheckTaskFinished(1615),,,,,,0,5098,20,0,0,0,0,0,0,,0,,0,99,55 ,AddExp(44550);AddNimbus(22275);AddMoney(6765),,,,,0,,
1617,南方魔教的道统,34,70,0,1,,,,1,69,99,all,,"CheckTaskFinished(1616)
GetTaskItemSpace >= 1","AddItem(4633,1)",,,"RemoveItem(4633,1)","RemoveItem(4633,1)",0,0,0,0,0,0,0,0,0,3,5097,1,0,99,50 ,AddExp(40500);AddNimbus(20250);AddMoney(6150),,,,,0,,
1618,血魂斧,34,70,0,1,,,,1,69,99,all,,CheckTaskFinished(1617),,,,,,0,0,0,4630,1,5109,4630,1,1,,0,,0,99,70 ,AddExp(56700);AddNimbus(28350);AddMoney(8610),,,,,0,,
1619,上古异兽之火眼狻猊,34,66,0,1,,,,1,66,99,all,,GetTaskItemSpace >= 1,"AddItem(4655,1)",,,"RemoveItem(4655,1)","RemoveItem(4655,1)",0,0,0,4662,1,0,0,0,0,,,,4655,1,60 ,AddExp(46200);AddNimbus(23100);AddMoney(7020),,,,,0,,
1620,上古异兽之绿毛三头犬,34,67,0,1,,,,1,67,99,all,,GetTaskItemSpace >= 1,"AddItem(4656,1)",,,"RemoveItem(4656,1)","RemoveItem(4656,1)",0,0,0,4663,1,0,0,0,0,,,,4656,1,62 ,AddExp(48360);AddNimbus(24180);AddMoney(7254),,,,,0,,
1621,上古异兽之莽牯朱蟾,34,68,0,1,,,,1,68,99,all,,GetTaskItemSpace >= 1,"AddItem(4657,1)",,,"RemoveItem(4657,1)","RemoveItem(4657,1)",0,0,0,4664,1,0,0,0,0,,,,4657,1,64 ,AddExp(50560);AddNimbus(25280);AddMoney(7680),,,,,0,,
1622,上古异兽之冰晶邪婴,34,69,0,1,,,,1,69,99,all,,GetTaskItemSpace >= 1,"AddItem(4658,1)",,,"RemoveItem(4658,1)","RemoveItem(4658,1)",0,0,0,4665,1,0,0,0,0,,,,4658,1,66 ,AddExp(52800);AddNimbus(26400);AddMoney(7920),,,,,0,,
1623,上古异兽之滇边毒蝇,34,70,0,1,,,,1,70,99,all,,GetTaskItemSpace >= 1,"AddItem(4659,1)",,,"RemoveItem(4659,1)","RemoveItem(4659,1)",0,0,0,4666,1,0,0,0,0,,,,4659,1,68 ,AddExp(55080);AddNimbus(27540);AddMoney(8364),,,,,0,,
1624,上古仙兽之冰凌仙参,34,67,0,1,,,,1,67,99,all,,GetTaskItemSpace >= 1,"AddItem(4660,1)",,,"RemoveItem(4660,1)","RemoveItem(4660,1)",0,0,0,0,0,0,0,0,0,3,5136,1,0,99,88 ,AddExp(68640);AddNimbus(34320);AddMoney(10296),,,,,0,,
1625,上古仙兽之瑞草仙芝,34,69,0,1,,,,1,69,99,all,,GetTaskItemSpace >= 1,"AddItem(4661,1)",,,"RemoveItem(4661,1)","RemoveItem(4661,1)",0,0,0,0,0,0,0,0,0,3,5137,1,0,99,100 ,AddExp(80000);AddNimbus(40000);AddMoney(12000),,,,,0,,
1626,云笈七签之银狐,34,66,0,0,1,2,,1,66,99,all,,,,GetItemSpace >= 1,,,,0,0,0,4634;4635,15;15,5066;5070,4634;4635,0.5;0.5,15;15,,0,,0,99,75 ,AddExp(11550);AddNimbus(1925),"AddItemEx(4698,0,0,1)",,,,0,,
1627,银狐降临,34,66,0,0,1,2,,1,66,99,all,,,,GetItemSpace >= 1,,,,0,0,0,4638;4698,20;1,5062;5064;5065;5067;5069;5072;5075,4638;4638;4638;4638;4638;4638;4638,0.5;0.5;0.5;0.5;0.5;0.5;0.5,20;20;20;20;20;20;20,,0,,0,99,50 ,AddExp(7700);AddNimbus(1283),"AddItemEx(4649,0,0,1)",,,,0,,
1628,云笈七签之神鳄,34,66,0,0,1,2,,1,66,99,all,,,,GetItemSpace >= 1,,,,0,0,0,4636;4637,15;15,5063;5066,4636;4637,0.5;0.5,15;15,,0,,0,99,75 ,AddExp(11550);AddNimbus(1925),"AddItemEx(4699,0,0,1)",,,,0,,
1629,神鳄降临,34,66,0,0,1,2,,1,66,99,all,,,,GetItemSpace >= 1,,,,0,0,0,4638;4699,20;1,5062;5064;5065;5067;5069;5072;5075,4638;4638;4638;4638;4638;4638;4638,0.5;0.5;0.5;0.5;0.5;0.5;0.5,20;20;20;20;20;20;20,,0,,0,99,50 ,AddExp(7700);AddNimbus(1283),"AddItemEx(4650,0,0,1)",,,,0,,
1630,云笈七签之金刚猿猴,34,68,0,0,1,2,,1,68,99,all,,,,GetItemSpace >= 1,,,,0,0,0,4639;4640,15;15,5079;5084,4639;4640,0.5;0.5,15;15,,0,,0,99,75 ,AddExp(11850);AddNimbus(1975),"AddItemEx(4700,0,0,1)",,,,0,,
1631,金刚猿猴降临,34,68,0,0,1,2,,1,68,99,all,,,,GetItemSpace >= 1,,,,0,0,0,4643;4700,20;1,5069;5071;5075;5081;5088;5090;5092,4643;4643;4643;4643;4643;4643;4643,0.5;0.5;0.5;0.5;0.5;0.5;0.5,20;20;20;20;20;20;20,,0,,0,99,50 ,AddExp(7900);AddNimbus(1317),"AddItemEx(4651,0,0,1)",,,,0,,
1632,云笈七签之飞天夜叉,34,68,0,0,1,2,,1,68,99,all,,,,GetItemSpace >= 1,,,,0,0,0,4641;4642,15;15,5084;5080,4641;4642,0.5;0.5,15;15,,0,,0,99,75 ,AddExp(11850);AddNimbus(1975),"AddItemEx(4701,0,0,1)",,,,0,,
1633,飞天夜叉降临,34,68,0,0,1,2,,1,68,99,all,,,,GetItemSpace >= 1,,,,0,0,0,4643;4701,20;1,5069;5071;5075;5081;5088;5090;5092,4643;4643;4643;4643;4643;4643;4643,0.5;0.5;0.5;0.5;0.5;0.5;0.5,20;20;20;20;20;20;20,,0,,0,99,50 ,AddExp(7900);AddNimbus(1317),"AddItemEx(4652,0,0,1)",,,,0,,
1634,云笈七签之恶灵战士,34,70,0,0,1,2,,1,70,99,all,,,,GetItemSpace >= 1,,,,0,0,0,4644;4645,15;15,5089;5094,4644;4645,0.5;0.5,15;15,,0,,0,99,75 ,AddExp(12150);AddNimbus(2025),"AddItemEx(4702,0,0,1)",,,,0,,
1635,恶灵战士降临,34,70,0,0,1,2,,1,70,99,all,,,,GetItemSpace >= 1,,,,0,0,0,4648;4702,20;1,5088;5090;5092;5095;5096;5097;5098,4648;4648;4648;4648;4648;4648;4648;,0.5;0.5;0.5;0.5;0.5;0.5;0.5,20;20;20;20;20;20;20,,0,,0,99,50 ,AddExp(8100);AddNimbus(1350),"AddItemEx(4653,0,0,1)",,,,0,,
1636,云笈七签之万骨毒龙,34,70,0,0,1,2,,1,70,99,all,,,,GetItemSpace >= 1,,,,0,0,0,4646;4647,15;15,5094;5093,4646;4647,0.5;0.5,15;15,,0,,0,99,75 ,AddExp(12150);AddNimbus(2025),"AddItemEx(4703,0,0,1)",,,,0,,
1637,万骨毒龙降临,34,70,0,0,1,2,,1,70,99,all,,,,GetItemSpace >= 1,,,,0,0,0,4648;4703,20;1,5088;5090;5092;5095;5096;5097;5098,4648;4648;4648;4648;4648;4648;4648;,0.5;0.5;0.5;0.5;0.5;0.5;0.5,20;20;20;20;20;20;20,,0,,0,99,50 ,AddExp(8100);AddNimbus(1350),"AddItemEx(4654,0,0,1)",,,,0,,
1638,66级日常任务(收集)[白云],34,66,1,0,1,2,,1,66,99,all,,,,,,,,0,0,0,4667;4668;4669,10;10;1,5066;5063;5100,4667;4668;4669,0.5;0.5;1,10;10;1,,0,,0,99,45 ,AddExp(6930);AddNimbus(1155),,,,,0,,
1639,66级日常任务(杀怪)[白谷逸],34,66,1,0,1,2,,1,66,99,all,,,,,,,,0,5062;5064;5101,10;10;1,0,0,0,0,0,0,,0,,0,99,30 ,AddExp(4620);AddNimbus(770),,,,,0,,
1640,67级日常任务(收集)[李宁],34,67,1,0,1,2,,1,67,99,all,,,,,,,,0,0,0,4670;4671;4672,10;10;1,5071;5072;5103,4670;4671;4672,0.5;0.5;1,10;10;1,,0,,0,99,45 ,AddExp(7020);AddNimbus(1170),,,,,0,,
1641,67级日常任务(杀怪)[餐霞],34,67,1,0,1,2,,1,67,99,all,,,,,,,,0,5069;5075;5102,10;10;1,0,0,0,0,0,0,,0,,0,99,30 ,AddExp(4680);AddNimbus(780),,,,,0,,
1642,68级日常任务(收集)[公治黄],34,68,1,0,1,2,,1,68,99,all,,,,,,,,0,0,0,4673;4674;4675,10;10;1,5080;5081;5105,4673;4674;4675,0.5;0.5;1,10;10;1,,0,,0,99,45 ,AddExp(7110);AddNimbus(1185),,,,,0,,
1643,68级日常任务(杀怪)[陆敏],34,68,1,0,1,2,,1,68,99,all,,,,,,,,0,5079;5084;5104,10;10;1,0,0,0,0,0,0,,0,,0,99,30 ,AddExp(4740);AddNimbus(790),,,,,0,,
1644,69级日常任务(收集)[百合],34,69,1,0,1,2,,1,69,99,all,,,,,,,,0,0,0,4676;4677;4678,10;10;1,5092;5091;5107,4676;4677;4678,0.5;0.5;1,10;10;1,,0,,0,99,45 ,AddExp(7200);AddNimbus(1200),,,,,0,,
1645,69级日常任务(杀怪)[佛门弟子],34,69,1,0,1,2,,1,69,99,all,,,,,,,,0,5088;5090;5106,10;10;1,0,0,0,0,0,0,,0,,0,99,30 ,AddExp(4800);AddNimbus(800),,,,,0,,
1646,70级日常任务(收集)[白谷逸],34,70,1,0,1,2,,1,70,99,all,,,,,,,,0,0,0,4679;4680;4681,10;10;1,5095;5096;5108,4679;4680;4681,0.5;0.5;1,10;10;1,,0,,0,99,45 ,AddExp(7290);AddNimbus(1215),,,,,0,,
1647,70级日常任务(杀怪)[李宁],34,70,1,0,1,2,,1,70,99,all,,,,,,,,0,5093;5094;5109,10;10;1,0,0,0,0,0,0,,0,,0,99,30 ,AddExp(4860);AddNimbus(810),,,,,0,,
,,,,,,,,,,,,,,,,,,,,,,,,,,,,,,,,,,,,,,,,,,
1648,虎口拔牙(白云大师),34,66,11,1,,,,1,66,99,all,,,,,,,,0,5150,5,0,0,0,0,0,0,,0,,0,99,75 ,AddExp(57750);AddNimbus(28875);AddMoney(8775),,,,,0,,
1649,杀列霸多?(白谷逸),34,67,11,1,,,,1,66,99,all,,,,,,,,0,5166,1,0,0,0,0,0,0,,0,,0,99,90 ,AddExp(70200);AddNimbus(35100);AddMoney(10530),,,,,0,,
1650,人间地狱(佟元奇),34,67,11,1,,,,1,67,99,all,,,,,,,,0,5152;5153;5154,5;5;5,0,0,0,0,0,0,,0,,0,99,75 ,AddExp(58500);AddNimbus(29250);AddMoney(8775),,,,,0,,
1651,杀辛晨子?(元觉大师),34,68,11,1,,,,1,67,99,all,,,,,,,,0,5167,1,0,0,0,0,0,0,,0,,0,99,92 ,AddExp(72680);AddNimbus(36340);AddMoney(11040),,,,,0,,
1652,极乐结界(司徒明),34,68,11,1,,,,1,68,99,all,,,,,,,,0,5156;5157;,4;4,0,0,0,0,0,0,,0,,0,99,75 ,AddExp(59250);AddNimbus(29625);AddMoney(9000),,,,,0,,
1653,杀唐石?(姜庶),34,69,11,1,,,,1,68,99,all,,,,,,,,0,5168,1,0,0,0,0,0,0,,0,,0,99,94 ,AddExp(75200);AddNimbus(37600);AddMoney(11280),,,,,0,,
1654,妖蝶进化(异兽狂热者),34,69,11,1,,,,1,68,99,all,,,,,,,,0,5160,4,0,0,0,0,0,0,,0,,0,99,75 ,AddExp(60000);AddNimbus(30000);AddMoney(9000),,,,,0,,
1655,杀绿袍老祖?(公冶黄),34,70,11,1,,,,1,68,99,all,,,,,,,,0,5169,1,0,0,0,0,0,0,,0,,0,99,96 ,AddExp(77760);AddNimbus(38880);AddMoney(11808),,,,,0,,
1656,五大护法?(易静),34,70,11,1,,,,1,68,99,all,,,,,,,,0,5161;5162;5163;5164;5165;,1;1;1;1;1,0,0,0,0,0,0,,0,,0,99,96 ,AddExp(77760);AddNimbus(38880);AddMoney(11808),,,,,0,,
1657,百花门派任务(餐霞大师),34,70,11,1,,,,1,68,99,bh,,,,,,,,0,5161;,1,0,0,0,0,0,0,,0,,0,99,70 ,AddExp(56700);AddNimbus(28350);AddMoney(8610),,,,,0,,
1658,青城门派任务(白谷逸),34,70,11,1,,,,1,68,99,qc,,,,,,,,0,5162;,1,0,0,0,0,0,0,,0,,0,99,70 ,AddExp(56700);AddNimbus(28350);AddMoney(8610),,,,,0,,
1659,仙禽门派任务(公冶黄),34,70,11,1,,,,1,68,99,xq,,,,,,,,0,5163;,1,0,0,0,0,0,0,,0,,0,99,70 ,AddExp(56700);AddNimbus(28350);AddMoney(8610),,,,,0,,
1660,峨嵋门派任务(白云大师),34,70,11,1,,,,1,68,99,em,,,,,,,,0,5164;,1,0,0,0,0,0,0,,0,,0,99,70 ,AddExp(56700);AddNimbus(28350);AddMoney(8610),,,,,0,,
1661,佛门门派任务(李宁),34,70,11,1,,,,1,68,99,fm,,,,,,,,0,5165;,1,0,0,0,0,0,0,,0,,0,99,70 ,AddExp(56700);AddNimbus(28350);AddMoney(8610),,,,,0,,
400,被感染的动物,11,12,11,0,2,,,1,10,99,all,,,,,,,,0,3121;3122;3123;3124;,10;20;1;20,0,0,0,0,0,0,0,0,0,0,99,150 ,AddExp(3450);AddNimbus(2875);AddMoney(1800),,,,,0,,
401,清除血精灵,11,18,11,0,2,,,1,15,99,all,,,,,,,,0,3125;3126;3127;3128;,20;20;20;1,0,0,0,0,0,0,0,0,0,0,99,180 ,AddExp(5220);AddNimbus(4350);AddMoney(2700),,,,,0,,
402,清理水域,11,25,11,0,2,,,1,20,99,all,,,,GetItemSpace >= 1,,,,0,3316;3317;3318;3319;,20;20;20;1,0,0,0,0,0,0,0,0,0,0,99,180 ,AddExp(6480);AddNimbus(5400);AddMoney(3240),,,,,0,,
475,藤须妖兽清剿,17,15,11,0,3,,,1,13,99,all,,"GuildBuildingLevel(3)>=1
TodayGuildContributeLeft>=100",,,TodayGuildContributeLeft>=100,,,0,398;401;357;351;353;355;94;,8;8;8;1;1;1;1,0,0,0,0,0,0,,0,,0,99,135 ,AddExp(3510);AddNimbus(2925);AddMoney(1755),AddGuildContribute(100),,,,,,
476,云灵蛇穴清剿,20,20,11,0,3,,,1,18,99,all,,"GuildBuildingLevel(3)>=2
TodayGuildContributeLeft>=100",,,TodayGuildContributeLeft>=100,,,0,146;147;148;149;154;155;156;158;,6;6;6;6;6;6;1;1,0,0,0,0,0,0,,0,,0,99,180 ,AddExp(5580);AddNimbus(4650);AddMoney(2880),AddGuildContribute(100),,,,,,
477,慈云恶僧清剿,21,25,11,0,3,,,1,23,99,all,," GuildLevel>2
GuildBuildingLevel(3)>=3
TodayGuildContributeLeft>=100",,,TodayGuildContributeLeft>=100,,,0,267;268;269;270;260;263;,8;8;8;8;1;1;,0,0,0,0,0,0,,0,,0,99,220 ,AddExp(7920);AddNimbus(6600);AddMoney(3960),AddGuildContribute(100),,,,,,
478,欢喜殿清剿,21,30,11,0,3,,,1,28,99,all,," GuildLevel>3
GuildBuildingLevel(3)>=4
TodayGuildContributeLeft>=100",,,TodayGuildContributeLeft>=100,,,0,271;276;277;262;264;266;,6;6;6;1;1;1,0,0,0,0,0,0,,0,,0,99,260 ,AddExp(10660);AddNimbus(8883);AddMoney(5460),AddGuildContribute(100),,,,,,
479,毒龙孽畜清剿,26,35,11,0,3,,,1,33,99,all,," GuildLevel>4
GuildBuildingLevel(3)>=5
TodayGuildContributeLeft>=100",,,TodayGuildContributeLeft>=100,,,0,4655;4656;4657;4658;4659;4660;4661;4662;4663;4665,6;6;6;6;6;6;6;6;1;1;,0,0,0,0,0,0,,0,,0,99,310 ,AddExp(14260);AddNimbus(11883);AddMoney(7130),AddGuildContribute(100),,,,,,
480,青螺魔宫清剿,28,40,11,0,3,,,1,38,99,all,," GuildLevel>5
GuildBuildingLevel(3)>=6
TodayGuildContributeLeft>=100",,,TodayGuildContributeLeft>=100,,,0,4308;4309;4319;4320;4325;4324;,8;8;8;8;1;1,0,0,0,0,0,0,,0,,0,99,350 ,AddExp(17850);AddNimbus(14875);AddMoney(9100),AddGuildContribute(100),,,,,,
481,魔宫深渊清剿,28,45,11,0,3,,,1,43,99,all,," GuildLevel>6
GuildBuildingLevel(3)>=7
TodayGuildContributeLeft>=100",,,TodayGuildContributeLeft>=100,,,0,4303;4310;4321;4322;4323;4326;,8;8;8;8;1;1,0,0,0,0,0,0,,0,,0,99,380 ,AddExp(21280);AddNimbus(17733);AddMoney(10640),AddGuildContribute(100),,,,,,
482,烈火妖人清剿,29,50,11,0,3,,,1,48,99,all,," GuildLevel>7
GuildBuildingLevel(3)>=8
TodayGuildContributeLeft>=100",,,TodayGuildContributeLeft>=100,,,0,4461;4462;4465;4468;4470;4467;4469;4497;4498;4501;4502;,10;10;10;10;10;8;8;1;1;1;1,0,0,0,0,0,0,,0,,0,99,600 ,AddExp(36600);AddNimbus(30500);AddMoney(18600),AddGuildContribute(100),,,,,,
495,七星台清剿,30,55,11,0,3,,,1,55,99,all,," GuildLevel>8
GuildBuildingLevel(3)>=9
TodayGuildContributeLeft>=100",,,TodayGuildContributeLeft>=100,,,0,4611;4612;4615;4760;4761;4762;4763;4764;4765;4766;4767;,1;1;1;1;1;1;1;1;1;1;1;,0,0,0,0,0,0,,0,,0,99,800 ,AddExp(52800);AddNimbus(44000);AddMoney(26400),AddGuildContribute(100),,,,,,
1682,不同的命运,36,8,11,1,,,,,8,99,all,,,,GetItemSpace >= 1,,,,0,0,0,5576;5577;5578;5579;,1;1;1;1,0,0,0,0,,0,,0,99,,,,,,"em;AddItemEx(77,0,4,1)
fm;AddItemEx(104,0,4,1)
bh;AddItemEx(131,0,4,1)
qc;AddItemEx(575,0,4,1)
xq;AddItemEx(653,0,4,1)",,,
1678,萃取仙珠,15,15,0,0,3,,,,15,25,all,,,,GetItemSpace >= 2,,,,,,,5526,20,,,,,,,,0,99,,AddMoney(5000);AddExp(5000),"AddItemEx(3479,0,0,1)",,,,,,
1679,萃取仙珠,15,26,0,0,3,,,,26,35,all,,,,GetItemSpace >= 2,,,,,,,5527,20,,,,,,,,0,99,,AddMoney(10000);AddExp(10000),"AddItemEx(3479,0,0,1)",,,,,,
1680,萃取仙珠,15,36,0,0,3,,,,36,60,all,,,,GetItemSpace >= 2,,,,,,,5528,25,,,,,,,,0,99,,AddMoney(18000);AddExp(18000),"AddItemEx(3479,0,0,1)",,,,,,
1681,萃取仙珠,15,61,0,0,3,,,,61,99,all,,,,GetItemSpace >= 2,,,,,,,5529,25,,,,,,,,0,99,,AddMoney(30000);AddExp(30000),"AddItemEx(3479,0,0,1)",,,,,,
1673,初级赛跑,15,30,0,0,1,,,,30,40,all,,,,,,,,7200,0,0,0,0,0,0,0,0,,0,,0,99,16 ,AddExp(20000);AddNimbus(20000);AddMoney(1500),,,,,0,,
1674,高级赛跑,15,41,0,0,1,,,,41,99,all,,,,,,,,7200,0,0,0,0,0,0,0,0,,0,,0,99,16 ,AddExp(50000);AddNimbus(50000);AddMoney(50000),,,,,0,,
439,儿子的思念,14,18,0,1,,,,1,16,99,all,,GetTaskItemSpace >= 1,AddItem(3791),GetItemSpace >= 1,,"RemoveItem(3791,1)","RemoveItem(3791,1)",0,0,0,3791,1,0,0,0,0,,0,,0,99,13 ,AddExp(1885);AddNimbus(942);AddMoney(585),"AddItemEx(1202,1,0,1)",,,,1,,
1690,勇士的证明,15,40,1,0,1,,,,40,50,all,,,,,PVEPoint>2999,AddPVEPoint(-99999999),,,,,,,,,,,,,,,,,"AddExp(100000+GetNextLevExp(Level)*0.01);
AddNimbus((100000+GetNextLevExp(Level)*0.01)/2);",,,,,,,
1691,勇士的证明,15,40,1,0,1,,,,51,60,all,,,,,PVEPoint>49999,AddPVEPoint(-99999999),,,,,,,,,,,,,,,,,"AddExp(100000+GetNextLevExp(Level)*0.01);
AddNimbus((100000+GetNextLevExp(Level)*0.01)/2);",,,,,,,
1692,勇士的证明,15,40,1,0,1,,,,61,70,all,,,,,PVEPoint>99999,AddPVEPoint(-99999999),,,,,,,,,,,,,,,,,"AddExp(100000+GetNextLevExp(Level)*0.01);
AddNimbus((100000+GetNextLevExp(Level)*0.01)/2);",,,,,,,
1693,赤炎之魂,31,40,11,0,1,,,1,40,99,all,,,,GetItemSpace >= 1,,,,,0,0,5936,1,4502,5936,1,1,,,,0,99,100 ,AddExp(5100);AddNimbus(4250);AddMoney(2600),"AddItemEx(5925,0,0,1)",,,,1,,
474,清理红花洞府,26,38,11,0,,4,,1,35,99,all,,,,,,,,0,4655;4656;4657;4658;4659;4660;4661;4662;4663;4665,8;8;8;8;8;8;8;8;1;1;,0,0,0,0,0,0,,0,,0,99,100 ,"AddCredit(26,1000);AddExp(4900);AddNimbus(817)",,,,,,,
923,勇者盛宴(一),15,45,0,0,1,,,,45,99,all,,,,GetItemSpace >= 4,,,,,,,,,,,,,,,,,,,AddExp(1.5*(100*MonsterGetExp(Level)+GetNextLevExp(Level)*0.002));AddNimbus(1.5*(100*MonsterGetExp(Level)+GetNextLevExp(Level)*0.002)/2);,"AddItemEx(4250,0,0,1)
AddItemEx(4250,0,0,1)
AddItemEx(4201,0,0,1)
AddItemEx(4755,0,0,1)
",,,,1,,
924,勇者盛宴(二),15,45,0,0,1,,,,45,99,all,,,,GetItemSpace >= 4,,,,,,,,,,,,,,,,,,,AddExp(1.5*(100*MonsterGetExp(Level)+GetNextLevExp(Level)*0.002));AddNimbus(1.5*(100*MonsterGetExp(Level)+GetNextLevExp(Level)*0.002)/2);,"AddItemEx(4720,0,0,1)
AddItemEx(4720,0,0,1)
AddItemEx(4201,0,0,1)
AddItemEx(4755,0,0,1)
",,,,1,,
925,勇者盛宴(三),15,45,0,0,1,,,,45,99,all,,,,GetItemSpace >= 4,,,,,,,,,,,,,,,,,,,AddExp(1.5*(100*MonsterGetExp(Level)+GetNextLevExp(Level)*0.002));AddNimbus(1.5*(100*MonsterGetExp(Level)+GetNextLevExp(Level)*0.002)/2);,"AddItemEx(6012,0,0,1)
AddItemEx(6012,0,0,1)
AddItemEx(4201,0,0,1)
AddItemEx(4755,0,0,1)
",,,,1,,
1753,有福同享（元气之树版）,15,30,0,0,1,,,1,30,99,all,,,,,,"CreateNpc(5214,9,399,127,0)",,0,0,0,5980,1,0,0,0,0,,0,,0,99,,,,,,,1,,
980,神秘的复活节彩蛋（Lev20）,15,20,0,0,1,,,,20,99,all,,,,GetItemSpace >= 2,,,,,31;28;244,1;30;30,,,,,,,,,,,,,,"AddItemEx(6276,0,0,1)
AddItemEx(6279,0,0,1)",,,,,,
981,神秘的复活节彩蛋（Lev50）,15,50,0,0,1,,,,50,99,all,,,,GetItemSpace >= 2,,,,,4502;4477;4615;4772,1;6;1;10,,,,,,,,,,,,,,"AddItemEx(6277,0,0,1)
AddItemEx(6279,0,0,1)",,,,,,
982,兑换小白虎,15,20,0,0,,,,,20,99,all,,,,GetItemSpace >= 1,,,,,,,6279,12,,,,,,,,,,,,"AddItemEx(6300,0,0,1)",,,,,,
983,兑换小虎,15,20,0,0,,,,,20,99,all,,,,GetItemSpace >= 1,,,,,,,6279,12,,,,,,,,,,,,"AddItemEx(6301,0,0,1)",,,,,,
984,兑换凝神果,15,20,0,0,,,,,20,99,all,,,,GetItemSpace >= 1,,,,,,,6279,2,,,,,,,,,,,,"AddItemEx(6293,0,0,1)",,,,,,
985,兑换精灵口粮,15,20,0,0,,,,,20,99,all,,,,GetItemSpace >= 1,,,,,,,6279,1,,,,,,,,,,,,"AddItemEx(3469,0,0,1)",,,,,,
986,兑换端午造型变身卷（龙舟熊猫）,15,20,0,0,,,,,20,99,all,,,,GetItemSpace >= 1,,,,,,,6279,3,,,,,,,,,,,,"AddItemEx(6287,0,0,1)",,,,,,
987,兑换端午造型变身卷（蛇女）,15,20,0,0,,,,,20,99,all,,,,GetItemSpace >= 1,,,,,,,6279,3,,,,,,,,,,,,"AddItemEx(6294,0,0,1)",,,,,,
,,,,,,,,,,,,,,,,,,,,,,,,,,,,,,,,,,,,,,,,,,
,,,,,,,,,,,,,,,,,,,,,,,,,,,,,,,,,,,,,,,,,,
,,,,,,,,,,,,,,,,,,,,,,,,,,,,,,,,,,,,,,,,,,
,,,,,,,,,,,,,,,,,,,,,,,,,,,,,,,,,,,,,,,,,,
,,,,,,,,,,,,,,,,,,,,,,,,,,,,,,,,,,,,,,,,,,
,,,,,,,,,,,,,,,,,,,,,,,,,,,,,,,,,,,,,,,,,,
,,,,,,,,,,,,,,,,,,,,,,,,,,,,,,,,,,,,,,,,,,
,,,,,,,,,,,,,,,,,,,,,,,,,,,,,,,,,,,,,,,,,,
,,,,,,,,,,,,,,,,,,,,,,,,,,,,,,,,,,,,,,,,,,
,,,,,,,,,,,,,,,,,,,,,,,,,,,,,,,,,,,,,,,,,,
,,,,,,,,,,,,,,,,,,,,,,,,,,,,,,,,,,,,,,,,,,
,,,,,,,,,,,,,,,,,,,,,,,,,,,,,,,,,,,,,,,,,,
,,,,,,,,,,,,,,,,,,,,,,,,,,,,,,,,,,,,,,,,,,
,,,,,,,,,,,,,,,,,,,,,,,,,,,,,,,,,,,,,,,,,,
,,,,,,,,,,,,,,,,,,,,,,,,,,,,,,,,,,,,,,,,,,
,,,,,,,,,,,,,,,,,,,,,,,,,,,,,,,,,,,,,,,,,,
,,,,,,,,,,,,,,,,,,,,,,,,,,,,,,,,,,,,,,,,,,
,,,,,,,,,,,,,,,,,,,,,,,,,,,,,,,,,,,,,,,,,,
,,,,,,,,,,,,,,,,,,,,,,,,,,,,,,,,,,,,,,,,,,
,,,,,,,,,,,,,,,,,,,,,,,,,,,,,,,,,,,,,,,,,,
,,,,,,,,,,,,,,,,,,,,,,,,,,,,,,,,,,,,,,,,,,
,,,,,,,,,,,,,,,,,,,,,,,,,,,,,,,,,,,,,,,,,,
,,,,,,,,,,,,,,,,,,,,,,,,,,,,,,,,,,,,,,,,,,
,,,,,,,,,,,,,,,,,,,,,,,,,,,,,,,,,,,,,,,,,,
,,,,,,,,,,,,,,,,,,,,,,,,,,,,,,,,,,,,,,,,,,
,,,,,,,,,,,,,,,,,,,,,,,,,,,,,,,,,,,,,,,,,,
,,,,,,,,,,,,,,,,,,,,,,,,,,,,,,,,,,,,,,,,,,
,,,,,,,,,,,,,,,,,,,,,,,,,,,,,,,,,,,,,,,,,,
,,,,,,,,,,,,,,,,,,,,,,,,,,,,,,,,,,,,,,,,,,
,,,,,,,,,,,,,,,,,,,,,,,,,,,,,,,,,,,,,,,,,,
,,,,,,,,,,,,,,,,,,,,,,,,,,,,,,,,,,,,,,,,,,
,,,,,,,,,,,,,,,,,,,,,,,,,,,,,,,,,,,,,,,,,,
,,,,,,,,,,,,,,,,,,,,,,,,,,,,,,,,,,,,,,,,,,
,,,,,,,,,,,,,,,,,,,,,,,,,,,,,,,,,,,,,,,,,,
,,,,,,,,,,,,,,,,,,,,,,,,,,,,,,,,,,,,,,,,,,
,,,,,,,,,,,,,,,,,,,,,,,,,,,,,,,,,,,,,,,,,,
,,,,,,,,,,,,,,,,,,,,,,,,,,,,,,,,,,,,,,,,,,
,,,,,,,,,,,,,,,,,,,,,,,,,,,,,,,,,,,,,,,,,,
,,,,,,,,,,,,,,,,,,,,,,,,,,,,,,,,,,,,,,,,,,
,,,,,,,,,,,,,,,,,,,,,,,,,,,,,,,,,,,,,,,,,,
,,,,,,,,,,,,,,,,,,,,,,,,,,,,,,,,,,,,,,,,,,
,,,,,,,,,,,,,,,,,,,,,,,,,,,,,,,,,,,,,,,,,,
,,,,,,,,,,,,,,,,,,,,,,,,,,,,,,,,,,,,,,,,,,
,,,,,,,,,,,,,,,,,,,,,,,,,,,,,,,,,,,,,,,,,,
,,,,,,,,,,,,,,,,,,,,,,,,,,,,,,,,,,,,,,,,,,
,,,,,,,,,,,,,,,,,,,,,,,,,,,,,,,,,,,,,,,,,,
,,,,,,,,,,,,,,,,,,,,,,,,,,,,,,,,,,,,,,,,,,
,,,,,,,,,,,,,,,,,,,,,,,,,,,,,,,,,,,,,,,,,,
,,,,,,,,,,,,,,,,,,,,,,,,,,,,,,,,,,,,,,,,,,
,,,,,,,,,,,,,,,,,,,,,,,,,,,,,,,,,,,,,,,,,,
,,,,,,,,,,,,,,,,,,,,,,,,,,,,,,,,,,,,,,,,,,
,,,,,,,,,,,,,,,,,,,,,,,,,,,,,,,,,,,,,,,,,,
,,,,,,,,,,,,,,,,,,,,,,,,,,,,,,,,,,,,,,,,,,
,,,,,,,,,,,,,,,,,,,,,,,,,,,,,,,,,,,,,,,,,,
,,,,,,,,,,,,,,,,,,,,,,,,,,,,,,,,,,,,,,,,,,
,,,,,,,,,,,,,,,,,,,,,,,,,,,,,,,,,,,,,,,,,,
,,,,,,,,,,,,,,,,,,,,,,,,,,,,,,,,,,,,,,,,,,
,,,,,,,,,,,,,,,,,,,,,,,,,,,,,,,,,,,,,,,,,,
,,,,,,,,,,,,,,,,,,,,,,,,,,,,,,,,,,,,,,,,,,
,,,,,,,,,,,,,,,,,,,,,,,,,,,,,,,,,,,,,,,,,,
,,,,,,,,,,,,,,,,,,,,,,,,,,,,,,,,,,,,,,,,,,
,,,,,,,,,,,,,,,,,,,,,,,,,,,,,,,,,,,,,,,,,,
,,,,,,,,,,,,,,,,,,,,,,,,,,,,,,,,,,,,,,,,,,
,,,,,,,,,,,,,,,,,,,,,,,,,,,,,,,,,,,,,,,,,,
,,,,,,,,,,,,,,,,,,,,,,,,,,,,,,,,,,,,,,,,,,
,,,,,,,,,,,,,,,,,,,,,,,,,,,,,,,,,,,,,,,,,,
,,,,,,,,,,,,,,,,,,,,,,,,,,,,,,,,,,,,,,,,,,
,,,,,,,,,,,,,,,,,,,,,,,,,,,,,,,,,,,,,,,,,,
,,,,,,,,,,,,,,,,,,,,,,,,,,,,,,,,,,,,,,,,,,
,,,,,,,,,,,,,,,,,,,,,,,,,,,,,,,,,,,,,,,,,,
,,,,,,,,,,,,,,,,,,,,,,,,,,,,,,,,,,,,,,,,,,
,,,,,,,,,,,,,,,,,,,,,,,,,,,,,,,,,,,,,,,,,,
,,,,,,,,,,,,,,,,,,,,,,,,,,,,,,,,,,,,,,,,,,
,,,,,,,,,,,,,,,,,,,,,,,,,,,,,,,,,,,,,,,,,,
,,,,,,,,,,,,,,,,,,,,,,,,,,,,,,,,,,,,,,,,,,
,,,,,,,,,,,,,,,,,,,,,,,,,,,,,,,,,,,,,,,,,,
,,,,,,,,,,,,,,,,,,,,,,,,,,,,,,,,,,,,,,,,,,
,,,,,,,,,,,,,,,,,,,,,,,,,,,,,,,,,,,,,,,,,,
,,,,,,,,,,,,,,,,,,,,,,,,,,,,,,,,,,,,,,,,,,
,,,,,,,,,,,,,,,,,,,,,,,,,,,,,,,,,,,,,,,,,,
