E:\cloudtoad\tq\data\bin\local\common\table,说明,标题(字符串),描述(字符串),跳过(表达式),条件(表达式),失败时执行(表达式),成功时执行(表达式)
ID,,Title,Desc,SkipExprList,ConditionExprList,FailedExprList,SuccessExprList
1,接受任务464<金翅鸟的请求>(检查条件),金翅鸟的请求,接受任务464<金翅鸟的请求>(检查条件),,"HelpGetValue(""Level"")<6&&HelpGetValue(""task464"")<3;HelpGetValue(""task464"")=0",HelpCaptureClose&&HideObjectHelpHint(2356);HelpUnAcive&&HideObjectHelpHint(2356),HideObjectHelpHint(2356)
2,接受任务464<金翅鸟的请求>(打开任务界面),$L:help_2_title$,$L:help_2_desc$,ObjectDistance(3103)<120,"UiVisible(""layWorld.frmTaskListEx"")","ShowUiHelpHint(""layWorld.frmSystemButtonEx.cbTask"",""$L:help_2_fail_1$"",300)&&HelpEntryWait(150)",
3,接受任务464<金翅鸟的请求>(找到NPC),$L:help_3_title$,$L:help_3_desc$,,ObjectDistance(3103)<120,"ShowUiHelpHint(""layWorld.frmTaskListEx.tlTask"",""$L:help_3_fail_1$"",300)&&ShowUiHelpHint(""layWorld.frmTaskListEx.ebTaskText"",""点击任务“$L:help_3_fail_2$"",300)&&HelpEntryWait(150)",
4,接受任务464<金翅鸟的请求>(提示关闭任务界面),$L:help_4_title$,$L:help_4_desc$,,"!UiVisible(""layWorld.frmTaskListEx"")","ShowUiHelpHint(""layWorld.frmTaskListEx.$L:aaa$Close"",""$L:help_4_fail_1$"",300)&&HelpEntryWait(150)",
5,接受任务464<金翅鸟的请求>(点击NPC打开对话窗口),$L:help_5_title$,$L:help_5_desc$,,"HelpGetValue(""targetid"")=3103&&(UiVisible(""layWorld.frmDialogerEx"")||UiVisible(""layWorld.frmTaskEx""))","ShowObjectHelpHint(3103,2356)",HideObjectHelpHint(2356)
6,接受任务464<金翅鸟的请求>(点击任务),$L:help_6_title$,$L:help_6_desc$,,"UiVisible(""layWorld.frmTaskEx"")","ShowUiHelpHint(""layWorld.frmDialogerEx.edtdialogerTest"",""$L:help_6_fail_1$"",300)&&HelpEntryWait(150)",
7,接受任务464<金翅鸟的请求>(点击“接受”按钮来接受任务),$L:help_7_title$,$L:help_7_desc$,,0,"ShowUiHelpHint(""layWorld.frmTaskEx.btAction"",""$L:help_7_fail_1$"",300)",
8,接受任务464<金翅鸟的请求>(检查条件),金翅鸟的请求,接受任务464<金翅鸟的请求>(检查条件),,"HelpGetValue(""Level"")<6&&HelpGetValue(""task464"")<3",HelpCaptureClose&&HideObjectHelpHint(2356),HideObjectHelpHint(2356)
9,完成任务464<金翅鸟的请求>(打开任务界面),$L:help_9_title$,$L:help_9_desc$,ObjectDistance(3107)<120,"UiVisible(""layWorld.frmTaskListEx"")","ShowUiHelpHint(""layWorld.frmSystemButtonEx.cbTask"",""$L:help_9_fail_1$"",300)&&HelpEntryWait(150)",
10,完成任务464<金翅鸟的请求>(找到NPC),$L:help_10_title$,$L:help_10_desc$,,ObjectDistance(3107)<120,"ShowUiHelpHint(""layWorld.frmTaskListEx.tlTask"",""$L:help_10_fail_1$"",300)&&ShowUiHelpHint(""layWorld.frmTaskListEx.ebTaskText"",""$L:help_10_fail_2$"",300)&&HelpEntryWait(150)",
11,完成任务464<金翅鸟的请求>(提示关闭任务界面),$L:help_11_title$,$L:help_11_desc$,,"!UiVisible(""layWorld.frmTaskListEx"")","ShowUiHelpHint(""layWorld.frmTaskListEx.$L:aaa$Close"",""$L:help_11_fail_1$"",300)&&HelpEntryWait(150)",
12,完成任务464<金翅鸟的请求>(点击NPC打开对话窗口),$L:help_12_title$,$L:help_12_desc$,,"HelpGetValue(""targetid"")=3107&&(UiVisible(""layWorld.frmDialogerEx"")||UiVisible(""layWorld.frmTaskEx""))","ShowObjectHelpHint(3107,2356)",HideObjectHelpHint(2356)
13,完成任务464<金翅鸟的请求>(点击任务),$L:help_13_title$,$L:help_13_desc$,,"UiVisible(""layWorld.frmTaskEx"")","ShowUiHelpHint(""layWorld.frmDialogerEx.edtdialogerTest"",""$L:help_13_fail_1$"",300)&&HelpEntryWait(150)",
14,完成任务464<金翅鸟的请求>(点击完成),$L:help_14_title$,$L:help_14_desc$,,0,"ShowUiHelpHint(""layWorld.frmTaskEx.btAction"",""$L:help_14_fail_1$"",300)&&HelpEntryWait(150)",
101,接受任务551<金翅鸟的考验>(检查),,,,"HelpGetValue(""Level"")<6&&HelpGetValue(""task551"")<3;HelpGetValue(""task551"")=0",HelpCaptureClose&&HideObjectHelpHint(2356);HelpUnAcive&&HideObjectHelpHint(2356),HideObjectHelpHint(2356)
102,接受任务551<金翅鸟的考验>(打开任务界面),$L:help_102_title$,$L:help_102_desc$,ObjectDistance(3107)<120,"UiVisible(""layWorld.frmTaskListEx"")","ShowUiHelpHint(""layWorld.frmSystemButtonEx.cbTask"",""$L:help_102_fail_1$"",300)&&HelpEntryWait(150)",
103,接受任务551<金翅鸟的考验>(找到NPC),$L:help_103_title$,$L:help_103_desc$,,ObjectDistance(3107)<120,"ShowUiHelpHint(""layWorld.frmTaskListEx.tlTask"",""$L:help_103_fail_1$"",300)&&ShowUiHelpHint(""layWorld.frmTaskListEx.ebTaskText"",""点击任务“$L:help_103_fail_2$"",300)&&HelpEntryWait(150)",
104,接受任务551<金翅鸟的考验>(提示关闭任务界面),$L:help_104_title$,$L:help_104_desc$,,"!UiVisible(""layWorld.frmTaskListEx"")","ShowUiHelpHint(""layWorld.frmTaskListEx.$L:aaa$Close"",""$L:help_104_fail_1$"",300)&&HelpEntryWait(150)",
105,接受任务551<金翅鸟的考验>(点击NPC打开对话窗口),$L:help_105_title$,$L:help_105_desc$,,"HelpGetValue(""targetid"")=3107&&(UiVisible(""layWorld.frmDialogerEx"")||UiVisible(""layWorld.frmTaskEx""))","ShowObjectHelpHint(3107,2356)",HideObjectHelpHint(2356)
106,接受任务551<金翅鸟的考验>(点击任务),$L:help_106_title$,$L:help_106_desc$,,"UiVisible(""layWorld.frmTaskEx"")","ShowUiHelpHint(""layWorld.frmDialogerEx.edtdialogerTest"",""$L:help_106_fail_1$"",300)&&HelpEntryWait(150)",
107,接受任务551<金翅鸟的考验>(点击“接受”按钮来接受任务),$L:help_107_title$,$L:help_107_desc$,,0,"ShowUiHelpHint(""layWorld.frmTaskEx.btAction"",""$L:help_107_fail_1$"",300)",
108,执行任务551<金翅鸟的考验>(检查),,,,"HelpGetValue(""Level"")<6&&HelpGetValue(""task551"")<3;HelpGetValue(""task551"")=1",HelpCaptureClose&&HideObjectHelpHint(2356);HelpUnAcive,HideObjectHelpHint(2356)
109,执行任务551<金翅鸟的考验>(打开任务界面),$L:help_109_title$,$L:help_109_desc$,ObjectDistance(3110)<200,"UiVisible(""layWorld.frmTaskListEx"")","ShowUiHelpHint(""layWorld.frmSystemButtonEx.cbTask"",""$L:help_109_fail_1$"",300)&&HelpEntryWait(150)",
110,执行任务551<金翅鸟的考验>(找到NPC),$L:help_110_title$,$L:help_110_desc$,,ObjectDistance(3110)<200,"ShowUiHelpHint(""layWorld.frmTaskListEx.tlTask"",""$L:help_110_fail_1$"",300)&&ShowUiHelpHint(""layWorld.frmTaskListEx.ebTaskText"",""$L:help_110_fail_2$"",300)&&HelpEntryWait(150)",
111,执行任务551<金翅鸟的考验>(提示关闭任务界面),$L:help_111_title$,$L:help_111_desc$,,"!UiVisible(""layWorld.frmTaskListEx"")","ShowUiHelpHint(""layWorld.frmTaskListEx.$L:aaa$Close"",""$L:help_111_fail_1$"",300)&&HelpEntryWait(150)",
112,执行任务551<金翅鸟的考验>(杀),$L:help_112_title$,$L:help_112_desc$,,0,"ShowObjectHelpHint(3110,2356)&&ShowUiHelpHint(""layWorld.frmSystemButtonEx.MainBarShortcutGroup1.btShortcut1"",""$L:help_112_fail_1$"",300)",HideObjectHelpHint(2356)
113,完成任务551<金翅鸟的考验>(检查),,,,"HelpGetValue(""Level"")<6&&HelpGetValue(""task551"")<3",HelpCaptureClose&&HideObjectHelpHint(2356),HideObjectHelpHint(2356)
114,完成任务551<金翅鸟的考验>(打开任务界面),$L:help_114_title$,$L:help_114_desc$,ObjectDistance(3107)<120,"UiVisible(""layWorld.frmTaskListEx"")","ShowUiHelpHint(""layWorld.frmSystemButtonEx.cbTask"",""$L:help_114_fail_1$"",300)&&HelpEntryWait(150)",
115,完成任务551<金翅鸟的考验>(找到NPC),$L:help_115_title$,$L:help_115_desc$,,ObjectDistance(3107)<120,"ShowUiHelpHint(""layWorld.frmTaskListEx.tlTask"",""$L:help_115_fail_1$"",300)&&ShowUiHelpHint(""layWorld.frmTaskListEx.ebTaskText"",""$L:help_115_fail_2$"",300)&&HelpEntryWait(150)",
116,完成任务551<金翅鸟的考验>(提示关闭任务界面),$L:help_116_title$,$L:help_116_desc$,,"!UiVisible(""layWorld.frmTaskListEx"")","ShowUiHelpHint(""layWorld.frmTaskListEx.$L:aaa$Close"",""$L:help_116_fail_1$"",300)&&HelpEntryWait(150)",
117,完成任务551<金翅鸟的考验>(点击NPC打开对话窗口),$L:help_117_title$,$L:help_117_desc$,,"HelpGetValue(""targetid"")=3107&&(UiVisible(""layWorld.frmDialogerEx"")||UiVisible(""layWorld.frmTaskEx""))","ShowObjectHelpHint(3107,2356)",HideObjectHelpHint(2356)
118,完成任务551<金翅鸟的考验>(点击任务),$L:help_118_title$,$L:help_118_desc$,,"UiVisible(""layWorld.frmTaskEx"")","ShowUiHelpHint(""layWorld.frmDialogerEx.edtdialogerTest"",""$L:help_118_fail_1$"",300)&&HelpEntryWait(150)",
119,完成任务551<金翅鸟的考验>(点击完成),$L:help_119_title$,$L:help_119_desc$,,0,"ShowUiHelpHint(""layWorld.frmTaskEx.btAction"",""$L:help_119_fail_1$"",300)&&HelpEntryWait(150)",
201,接受任务553<赶走山猿>(检查),,,,"HelpGetValue(""Level"")<6&&HelpGetValue(""task553"")<3;HelpGetValue(""task553"")=0",HelpCaptureClose&&HideObjectHelpHint(2356);HelpUnAcive&&HideObjectHelpHint(2356),HideObjectHelpHint(2356)
202,接受任务553<赶走山猿>(打开任务界面),$L:help_202_title$,$L:help_202_desc$,ObjectDistance(3101)<120,"UiVisible(""layWorld.frmTaskListEx"")","ShowUiHelpHint(""layWorld.frmSystemButtonEx.cbTask"",""$L:help_202_fail_1$"",300)&&HelpEntryWait(150)",
203,接受任务553<赶走山猿>(找到NPC),$L:help_203_title$,$L:help_203_desc$,,ObjectDistance(3101)<120,"ShowUiHelpHint(""layWorld.frmTaskListEx.tlTask"",""$L:help_203_fail_1$"",300)&&ShowUiHelpHint(""layWorld.frmTaskListEx.ebTaskText"",""$L:help_203_fail_2$"",300)&&HelpEntryWait(150)",
204,接受任务553<赶走山猿>(提示关闭任务界面),$L:help_204_title$,$L:help_204_desc$,,"!UiVisible(""layWorld.frmTaskListEx"")","ShowUiHelpHint(""layWorld.frmTaskListEx.$L:aaa$Close"",""$L:help_204_fail_1$"",300)&&HelpEntryWait(150)",
205,接受任务553<赶走山猿>(点击NPC打开对话窗口),$L:help_205_title$,$L:help_205_desc$,,"HelpGetValue(""targetid"")=3101&&(UiVisible(""layWorld.frmDialogerEx"")||UiVisible(""layWorld.frmTaskEx""))","ShowObjectHelpHint(3101,2356)",HideObjectHelpHint(2356)
206,接受任务553<赶走山猿>(点击任务),$L:help_206_title$,$L:help_206_desc$,,"UiVisible(""layWorld.frmTaskEx"")","ShowUiHelpHint(""layWorld.frmDialogerEx.edtdialogerTest"",""$L:help_206_fail_1$"",300)&&HelpEntryWait(150)",
207,接受任务553<赶走山猿>(点击“接受”按钮来接受任务),$L:help_207_title$,$L:help_207_desc$,,0,"ShowUiHelpHint(""layWorld.frmTaskEx.btAction"",""$L:help_207_fail_1$"",300)",
208,执行任务553<赶走山猿>(检查),,,,"HelpGetValue(""Level"")<6&&HelpGetValue(""task553"")<3;HelpGetValue(""task553"")=1",HelpCaptureClose&&HideObjectHelpHint(2356);HelpUnAcive&&HideObjectHelpHint(2356),HideObjectHelpHint(2356)
209,执行任务553<赶走山猿>(打开任务界面),$L:help_209_title$,$L:help_209_desc$,ObjectDistance(3113)<200,"UiVisible(""layWorld.frmTaskListEx"")","ShowUiHelpHint(""layWorld.frmSystemButtonEx.cbTask"",""$L:help_209_fail_1$"",300)&&HelpEntryWait(150)",
210,执行任务553<赶走山猿>(找到NPC),$L:help_210_title$,$L:help_210_desc$,,ObjectDistance(3113)<200,"ShowUiHelpHint(""layWorld.frmTaskListEx.tlTask"",""$L:help_210_fail_1$"",300)&&ShowUiHelpHint(""layWorld.frmTaskListEx.ebTaskText"",""$L:help_210_fail_2$"",300)&&HelpEntryWait(150)",
211,执行任务553<赶走山猿>(提示关闭任务界面),$L:help_211_title$,$L:help_211_desc$,,"!UiVisible(""layWorld.frmTaskListEx"")","ShowUiHelpHint(""layWorld.frmTaskListEx.$L:aaa$Close"",""$L:help_211_fail_1$"",300)&&HelpEntryWait(150)",
212,执行任务553<赶走山猿>(杀),$L:help_212_title$,$L:help_212_desc$,,0,"ShowObjectHelpHint(3113,2356)&&ShowUiHelpHint(""layWorld.frmSystemButtonEx.MainBarShortcutGroup1.btShortcut1"",""$L:help_212_fail_1$"",300)",HideObjectHelpHint(2356)
213,完成任务553<赶走山猿>(检查),,,,"HelpGetValue(""Level"")<6&&HelpGetValue(""task553"")<3",HelpCaptureClose&&HideObjectHelpHint(2356),HideObjectHelpHint(2356)
214,完成任务553<赶走山猿>(打开任务界面),$L:help_214_title$,$L:help_214_desc$,ObjectDistance(3101)<120,"UiVisible(""layWorld.frmTaskListEx"")","ShowUiHelpHint(""layWorld.frmSystemButtonEx.cbTask"",""$L:help_214_fail_1$"",300)&&HelpEntryWait(150)",
215,完成任务553<赶走山猿>(找到NPC),$L:help_215_title$,$L:help_215_desc$,,ObjectDistance(3101)<120,"ShowUiHelpHint(""layWorld.frmTaskListEx.tlTask"",""$L:help_215_fail_1$"",300)&&ShowUiHelpHint(""layWorld.frmTaskListEx.ebTaskText"",""$L:help_215_fail_2$"",300)&&HelpEntryWait(150)",
216,完成任务553<赶走山猿>(提示关闭任务界面),$L:help_216_title$,$L:help_216_desc$,,"!UiVisible(""layWorld.frmTaskListEx"")","ShowUiHelpHint(""layWorld.frmTaskListEx.$L:aaa$Close"",""$L:help_216_fail_1$"",300)&&HelpEntryWait(150)",
217,完成任务553<赶走山猿>(点击NPC打开对话窗口),$L:help_217_title$,$L:help_217_desc$,,"HelpGetValue(""targetid"")=3101&&(UiVisible(""layWorld.frmDialogerEx"")||UiVisible(""layWorld.frmTaskEx""))","ShowObjectHelpHint(3101,2356)",HideObjectHelpHint(2356)
218,完成任务553<赶走山猿>(点击任务),$L:help_218_title$,$L:help_218_desc$,,"UiVisible(""layWorld.frmTaskEx"")","ShowUiHelpHint(""layWorld.frmDialogerEx.edtdialogerTest"",""$L:help_218_fail_1$"",300)&&HelpEntryWait(150)",
219,完成任务553<赶走山猿>(点击完成),$L:help_219_title$,$L:help_219_desc$,,0,"ShowUiHelpHint(""layWorld.frmTaskEx.btAction"",""$L:help_219_fail_1$"",300)&&HelpEntryWait(150)",
301,接受任务555<送药>(检查),,,,"HelpGetValue(""Level"")<6&&HelpGetValue(""task555"")<3;HelpGetValue(""task555"")=0",HelpCaptureClose&&HideObjectHelpHint(2356);HelpUnAcive&&HideObjectHelpHint(2356),HideObjectHelpHint(2356)
302,接受任务555<送药>(打开任务界面),$L:help_302_title$,$L:help_302_desc$,ObjectDistance(3101)<120,"UiVisible(""layWorld.frmTaskListEx"")","ShowUiHelpHint(""layWorld.frmSystemButtonEx.cbTask"",""$L:help_302_fail_1$"",300)&&HelpEntryWait(150)",
303,接受任务555<送药>(找到NPC),$L:help_303_title$,$L:help_303_desc$,,ObjectDistance(3101)<120,"ShowUiHelpHint(""layWorld.frmTaskListEx.tlTask"",""$L:help_303_fail_1$"",300)&&ShowUiHelpHint(""layWorld.frmTaskListEx.ebTaskText"",""$L:help_303_fail_2$"",300)&&HelpEntryWait(150)",
304,接受任务555<送药>(提示关闭任务界面),$L:help_304_title$,$L:help_304_desc$,,"!UiVisible(""layWorld.frmTaskListEx"")","ShowUiHelpHint(""layWorld.frmTaskListEx.$L:aaa$Close"",""$L:help_304_fail_1$"",300)&&HelpEntryWait(150)",
305,接受任务555<送药>(点击NPC打开对话窗口),$L:help_305_title$,$L:help_305_desc$,,"HelpGetValue(""targetid"")=3101&&(UiVisible(""layWorld.frmDialogerEx"")||UiVisible(""layWorld.frmTaskEx""))","ShowObjectHelpHint(3101,2356)",HideObjectHelpHint(2356)
306,接受任务555<送药>(点击任务),$L:help_306_title$,$L:help_306_desc$,,"UiVisible(""layWorld.frmTaskEx"")","ShowUiHelpHint(""layWorld.frmDialogerEx.edtdialogerTest"",""$L:help_306_fail_1$"",300)&&HelpEntryWait(150)",
307,接受任务555<送药>(点击“接受”按钮来接受任务),$L:help_307_title$,$L:help_307_desc$,,0,"ShowUiHelpHint(""layWorld.frmTaskEx.btAction"",""$L:help_307_fail_1$"",300)",
308,接受任务555<送药>(检查),,,,"HelpGetValue(""Level"")<6&&HelpGetValue(""task555"")<3",HelpCaptureClose&&HideObjectHelpHint(2356),HideObjectHelpHint(2356)
309,完成任务555<送药>(打开任务界面),$L:help_309_title$,$L:help_309_desc$,ObjectDistance(3105)<120,"UiVisible(""layWorld.frmTaskListEx"")","ShowUiHelpHint(""layWorld.frmSystemButtonEx.cbTask"",""$L:help_309_fail_1$"",300)&&HelpEntryWait(150)",
310,完成任务555<送药>(找到NPC),$L:help_310_title$,$L:help_310_desc$,,ObjectDistance(3105)<120,"ShowUiHelpHint(""layWorld.frmTaskListEx.tlTask"",""$L:help_309_fail_1$"",300)&&ShowUiHelpHint(""layWorld.frmTaskListEx.ebTaskText"",""$L:help_310_fail_1$"",300)&&HelpEntryWait(150)",
311,完成任务555<送药>(提示关闭任务界面),$L:help_311_title$,$L:help_311_desc$,,"!UiVisible(""layWorld.frmTaskListEx"")","ShowUiHelpHint(""layWorld.frmTaskListEx.$L:aaa$Close"",""$L:help_311_fail_1$"",300)&&HelpEntryWait(150)",
312,完成任务555<送药>(点击NPC打开对话窗口),$L:help_312_title$,$L:help_312_desc$,,"HelpGetValue(""targetid"")=3105&&(UiVisible(""layWorld.frmDialogerEx"")||UiVisible(""layWorld.frmTaskEx""))","ShowObjectHelpHint(3105,2356)",HideObjectHelpHint(2356)
313,完成任务555<送药>(点击任务),$L:help_313_title$,$L:help_313_desc$,,"UiVisible(""layWorld.frmTaskEx"")","ShowUiHelpHint(""layWorld.frmDialogerEx.edtdialogerTest"",""$L:help_313_fail_1$"",300)&&HelpEntryWait(150)",
314,完成任务555<送药>(点击完成),$L:help_314_title$,$L:help_314_desc$,,0,"ShowUiHelpHint(""layWorld.frmTaskEx.btAction"",""$L:help_314_fail_1$"",300)&&HelpEntryWait(150)",
401,接受任务561<捕捉血精灵>(检查),,,,"userpartyindex=4&&HelpGetValue(""Level"")<6&&HelpGetValue(""task561"")<3;HelpGetValue(""task561"")=0",HelpCaptureClose&&HideObjectHelpHint(2356);HelpUnAcive&&HideObjectHelpHint(2356),HideObjectHelpHint(2356)
402,接受任务561<捕捉血精灵>(打开任务界面),$L:help_402_title$,$L:help_402_desc$,ObjectDistance(3107)<120,"UiVisible(""layWorld.frmTaskListEx"")","ShowUiHelpHint(""layWorld.frmSystemButtonEx.cbTask"",""$L:help_402_fail_1$"",300)&&HelpEntryWait(150)",
403,接受任务561<捕捉血精灵>(找到NPC),$L:help_403_title$,$L:help_403_desc$,,ObjectDistance(3107)<120,"ShowUiHelpHint(""layWorld.frmTaskListEx.tlTask"",""$L:help_403_fail_1$"",300)&&ShowUiHelpHint(""layWorld.frmTaskListEx.ebTaskText"",""$L:help_403_fail_2$"",300)&&HelpEntryWait(150)",
404,接受任务561<捕捉血精灵>(提示关闭任务界面),$L:help_404_title$,$L:help_404_desc$,,"!UiVisible(""layWorld.frmTaskListEx"")","ShowUiHelpHint(""layWorld.frmTaskListEx.$L:aaa$Close"",""$L:help_404_fail_1$"",300)&&HelpEntryWait(150)",
405,接受任务561<捕捉血精灵>(点击NPC打开对话窗口),$L:help_405_title$,$L:help_405_desc$,,"HelpGetValue(""targetid"")=3107&&(UiVisible(""layWorld.frmDialogerEx"")||UiVisible(""layWorld.frmTaskEx""))","ShowObjectHelpHint(3107,2356)",HideObjectHelpHint(2356)
406,接受任务561<捕捉血精灵>(点击任务),$L:help_406_title$,$L:help_406_desc$,,"UiVisible(""layWorld.frmTaskEx"")","ShowUiHelpHint(""layWorld.frmDialogerEx.edtdialogerTest"",""$L:help_406_fail_1$"",300)&&HelpEntryWait(150)",
407,接受任务561<捕捉血精灵>(点击“接受”按钮来接受任务),$L:help_407_title$,$L:help_407_desc$,,0,"ShowUiHelpHint(""layWorld.frmTaskEx.btAction"",""$L:help_407_fail_1$"",300)",
408,执行任务561<捕捉血精灵>(检查),,,,"userpartyindex=4&&HelpGetValue(""Level"")<6&&HelpGetValue(""task561"")<3;HelpGetValue(""task561"")=1&&!UiVisible(""layWorld.frmPetCtrlEx.btAttack"")",HelpCaptureClose&&HideObjectHelpHint(2356);HelpUnAcive&&HideObjectHelpHint(2356),HideObjectHelpHint(2356)
409,执行任务561<捕捉血精灵>(打开任务界面),$L:help_409_title$,$L:help_409_desc$,ObjectDistance(3118)<200,"UiVisible(""layWorld.frmTaskListEx"")","ShowUiHelpHint(""layWorld.frmSystemButtonEx.cbTask"",""$L:help_409_fail_1$"",300)&&HelpEntryWait(150)",
410,执行任务561<捕捉血精灵>(找到NPC),$L:help_410_title$,$L:help_410_desc$,,ObjectDistance(3118)<200,"ShowUiHelpHint(""layWorld.frmTaskListEx.tlTask"",""$L:help_410_fail_1$"",300)&&ShowUiHelpHint(""layWorld.frmTaskListEx.ebTaskText"",""$L:help_410_fail_2$"",300)&&HelpEntryWait(150)",
411,执行任务561<捕捉血精灵>(提示关闭任务界面),$L:help_411_title$,$L:help_411_desc$,,"!UiVisible(""layWorld.frmTaskListEx"")","ShowUiHelpHint(""layWorld.frmTaskListEx.$L:aaa$Close"",""$L:help_411_fail_1$"",300)&&HelpEntryWait(150)",
412,执行任务561<捕捉血精灵>(选中目标),$L:help_412_title$,$L:help_412_desc$,,"HelpGetValue(""targetid"")=3118","ShowObjectHelpHint(3118,2356)",HideObjectHelpHint(2356)
413,执行任务561<捕捉血精灵>(打开道具栏),$L:help_413_title$,$L:help_413_desc$,,"UiVisible(""layWorld.frmItemEx"")","ShowUiHelpHint(""layWorld.frmSystemButtonEx.cbItem"",""$L:help_413_fail_1$"",300)&&HelpEntryWait(150)",
414,执行任务561<捕捉血精灵>(切换到普通道具栏),$L:help_414_title$,$L:help_414_desc$,,"UiVisible(""layWorld.frmItemEx.wtBag0"")","ShowUiHelpHint(""layWorld.frmItemEx.btCommon"",""$L:help_414_fail_1$"",300)&&HelpEntryWait(150)",
415,执行任务561<捕捉血精灵>(使用万兽铃),$L:help_415_title$,$L:help_415_desc$,,0,"ShowUiHelpHint(HelpGetValue(""itembutton801""),""$L:help_415_fail_1$"",300)&&HelpEntryWait(150)",
416,完成任务561<捕捉血精灵>(检查),,,,"userpartyindex=4&&HelpGetValue(""Level"")<6&&HelpGetValue(""task561"")<3",HelpCaptureClose&&HideObjectHelpHint(2356),HideObjectHelpHint(2356)
417,完成任务561<捕捉血精灵>(打开任务界面),$L:help_417_title$,$L:help_417_desc$,ObjectDistance(3107)<120,"UiVisible(""layWorld.frmTaskListEx"")","ShowUiHelpHint(""layWorld.frmSystemButtonEx.cbTask"",""$L:help_417_fail_1$"",300)&&HelpEntryWait(150)",
418,完成任务561<捕捉血精灵>(找到NPC),$L:help_418_title$,$L:help_418_desc$,,ObjectDistance(3107)<400,"ShowUiHelpHint(""layWorld.frmTaskListEx.tlTask"",""$L:help_418_fail_1$"",300)&&ShowUiHelpHint(""layWorld.frmTaskListEx.ebTaskText"",""$L:help_418_fail_2$"",300)&&HelpEntryWait(150)",
419,完成任务561<捕捉血精灵>(提示关闭任务界面),$L:help_419_title$,$L:help_419_desc$,,"!UiVisible(""layWorld.frmTaskListEx"")","ShowUiHelpHint(""layWorld.frmTaskListEx.$L:aaa$Close"",""$L:help_419_fail_1$"",300)&&HelpEntryWait(150)",
420,完成任务561<捕捉血精灵>(点击NPC打开对话窗口),$L:help_420_title$,$L:help_420_desc$,,"HelpGetValue(""targetid"")=3107&&(UiVisible(""layWorld.frmDialogerEx"")||UiVisible(""layWorld.frmTaskEx""))","ShowObjectHelpHint(3107,2356)",HideObjectHelpHint(2356)
421,完成任务561<捕捉血精灵>(点击任务),$L:help_421_title$,$L:help_421_desc$,,"UiVisible(""layWorld.frmTaskEx"")","ShowUiHelpHint(""layWorld.frmDialogerEx.edtdialogerTest"",""$L:help_421_fail_1$"",300)&&HelpEntryWait(150)",
422,完成任务561<捕捉血精灵>(点击完成),$L:help_422_title$,$L:help_422_desc$,,0,"ShowUiHelpHint(""layWorld.frmTaskEx.btAction"",""$L:help_422_fail_1$"",300)&&HelpEntryWait(150)",
501,接受任务556<剿灭血精灵>(检查),,,,"HelpGetValue(""Level"")<6&&HelpGetValue(""task556"")<3;HelpGetValue(""task556"")=0",HelpCaptureClose&&HideObjectHelpHint(2356);HelpUnAcive&&HideObjectHelpHint(2356),HideObjectHelpHint(2356)
502,接受任务556<剿灭血精灵>(打开任务界面),$L:help_502_title$,$L:help_502_desc$,ObjectDistance(3105)<120,"UiVisible(""layWorld.frmTaskListEx"")","ShowUiHelpHint(""layWorld.frmSystemButtonEx.cbTask"",""$L:help_502_fail_1$"",300)&&HelpEntryWait(150)",
503,接受任务556<剿灭血精灵>(找到NPC),$L:help_503_title$,$L:help_503_desc$,,ObjectDistance(3105)<120,"ShowUiHelpHint(""layWorld.frmTaskListEx.tlTask"",""$L:help_503_fail_1$"",300)&&ShowUiHelpHint(""layWorld.frmTaskListEx.ebTaskText"",""$L:help_503_fail_2$"",300)&&HelpEntryWait(150)",
504,接受任务556<剿灭血精灵>(提示关闭任务界面),$L:help_504_title$,$L:help_504_desc$,,"!UiVisible(""layWorld.frmTaskListEx"")","ShowUiHelpHint(""layWorld.frmTaskListEx.$L:aaa$Close"",""$L:help_504_fail_1$"",300)&&HelpEntryWait(150)",
505,接受任务556<剿灭血精灵>(点击NPC打开对话窗口),$L:help_505_title$,$L:help_505_desc$,,"HelpGetValue(""targetid"")=3105&&(UiVisible(""layWorld.frmDialogerEx"")||UiVisible(""layWorld.frmTaskEx""))","ShowObjectHelpHint(3105,2356)",HideObjectHelpHint(2356)
506,接受任务556<剿灭血精灵>(点击任务),$L:help_506_title$,$L:help_506_desc$,,"UiVisible(""layWorld.frmTaskEx"")","ShowUiHelpHint(""layWorld.frmDialogerEx.edtdialogerTest"",""$L:help_506_fail_1$"",300)&&HelpEntryWait(150)",
507,接受任务556<剿灭血精灵>(点击“接受”按钮来接受任务),$L:help_507_title$,$L:help_507_desc$,,0,"ShowUiHelpHint(""layWorld.frmTaskEx.btAction"",""$L:help_507_fail_1$"",300)",
508,执行任务556<剿灭血精灵>(检查),,,,"HelpGetValue(""Level"")<6&&HelpGetValue(""task556"")<3;HelpGetValue(""task556"")=1",HelpCaptureClose&&HideObjectHelpHint(2356);HelpUnAcive&&HideObjectHelpHint(2356),HideObjectHelpHint(2356)
509,执行任务556<剿灭血精灵>(打开任务界面),$L:help_509_title$,$L:help_509_desc$,ObjectDistance(3118)<200,"UiVisible(""layWorld.frmTaskListEx"")","ShowUiHelpHint(""layWorld.frmSystemButtonEx.cbTask"",""$L:help_509_fail_1$"",300)&&HelpEntryWait(150)",
510,执行任务556<剿灭血精灵>(找到NPC),$L:help_510_title$,$L:help_510_desc$,,ObjectDistance(3118)<200,"ShowUiHelpHint(""layWorld.frmTaskListEx.tlTask"",""$L:help_510_fail_1$"",300)&&ShowUiHelpHint(""layWorld.frmTaskListEx.ebTaskText"",""$L:help_510_fail_2$"",300)&&HelpEntryWait(150)",
511,执行任务556<剿灭血精灵>(提示关闭任务界面),$L:help_511_title$,$L:help_511_desc$,,"!UiVisible(""layWorld.frmTaskListEx"")","ShowUiHelpHint(""layWorld.frmTaskListEx.$L:aaa$Close"",""$L:help_511_fail_1$"",300)&&HelpEntryWait(150)",
512,执行任务556<剿灭血精灵>(杀),$L:help_512_title$,$L:help_512_desc$,,0,"ShowObjectHelpHint(3118,2356)&&ShowUiHelpHint(""layWorld.frmSystemButtonEx.MainBarShortcutGroup1.btShortcut1"",""$L:help_512_fail_1$"",300)",HideObjectHelpHint(2356)
513,完成任务556<剿灭血精灵>(检查),,,,"HelpGetValue(""Level"")<6&&HelpGetValue(""task556"")<3",HelpCaptureClose&&HideObjectHelpHint(2356),HideObjectHelpHint(2356)
514,完成任务556<剿灭血精灵>(打开任务界面),$L:help_514_title$,$L:help_514_desc$,ObjectDistance(6035)<120,"UiVisible(""layWorld.frmTaskListEx"")","ShowUiHelpHint(""layWorld.frmSystemButtonEx.cbTask"",""$L:help_514_fail_1$"",300)&&HelpEntryWait(150)",
515,完成任务556<剿灭血精灵>(找到NPC),$L:help_515_title$,$L:help_515_desc$,,ObjectDistance(6035)<120,"ShowUiHelpHint(""layWorld.frmTaskListEx.tlTask"",""$L:help_515_fail_1$"",300)&&ShowUiHelpHint(""layWorld.frmTaskListEx.ebTaskText"",""$L:help_515_fail_2$"",300)&&HelpEntryWait(150)",
516,完成任务556<剿灭血精灵>(提示关闭任务界面),$L:help_516_title$,$L:help_516_desc$,,"!UiVisible(""layWorld.frmTaskListEx"")","ShowUiHelpHint(""layWorld.frmTaskListEx.$L:aaa$Close"",""$L:help_516_fail_1$"",300)&&HelpEntryWait(150)",
517,完成任务556<剿灭血精灵>(点击NPC打开对话窗口),$L:help_517_title$,$L:help_517_desc$,,"HelpGetValue(""targetid"")=6035&&(UiVisible(""layWorld.frmDialogerEx"")||UiVisible(""layWorld.frmTaskEx""))","ShowObjectHelpHint(6035,2356)",HideObjectHelpHint(2356)
518,完成任务556<剿灭血精灵>(点击任务),$L:help_518_title$,$L:help_518_desc$,,"UiVisible(""layWorld.frmTaskEx"")","ShowUiHelpHint(""layWorld.frmDialogerEx.edtdialogerTest"",""$L:help_518_fail_1$"",300)&&HelpEntryWait(150)",
519,完成任务556<剿灭血精灵>(点击完成),$L:help_519_title$,$L:help_519_desc$,,0,"ShowUiHelpHint(""layWorld.frmTaskEx.btAction"",""$L:help_519_fail_1$"",300)&&HelpEntryWait(150)",
601,接受任务557<剿灭大血精灵>(检查),,,,"HelpGetValue(""Level"")<6&&HelpGetValue(""task557"")<3;HelpGetValue(""task557"")=0",HelpCaptureClose&&HideObjectHelpHint(2356);HelpUnAcive&&HideObjectHelpHint(2356),HideObjectHelpHint(2356)
602,接受任务557<剿灭大血精灵>(打开任务界面),$L:help_602_title$,$L:help_602_desc$,ObjectDistance(6035)<120,"UiVisible(""layWorld.frmTaskListEx"")","ShowUiHelpHint(""layWorld.frmSystemButtonEx.cbTask"",""$L:help_602_fail_1$"",300)&&HelpEntryWait(150)",
603,接受任务557<剿灭大血精灵>(找到NPC),$L:help_603_title$,$L:help_603_desc$,,ObjectDistance(6035)<120,"ShowUiHelpHint(""layWorld.frmTaskListEx.tlTask"",""$L:help_603_fail_1$"",300)&&ShowUiHelpHint(""layWorld.frmTaskListEx.ebTaskText"",""$L:help_603_fail_2$"",300)&&HelpEntryWait(150)",
604,接受任务557<剿灭大血精灵>(提示关闭任务界面),$L:help_604_title$,$L:help_604_desc$,,"!UiVisible(""layWorld.frmTaskListEx"")","ShowUiHelpHint(""layWorld.frmTaskListEx.$L:aaa$Close"",""$L:help_604_fail_1$"",300)&&HelpEntryWait(150)",
605,接受任务557<剿灭大血精灵>(点击NPC打开对话窗口),$L:help_605_title$,$L:help_605_desc$,,"HelpGetValue(""targetid"")=6035&&(UiVisible(""layWorld.frmDialogerEx"")||UiVisible(""layWorld.frmTaskEx""))","ShowObjectHelpHint(6035,2356)",HideObjectHelpHint(2356)
606,接受任务557<剿灭大血精灵>(点击任务),$L:help_606_title$,$L:help_606_desc$,,"UiVisible(""layWorld.frmTaskEx"")","ShowUiHelpHint(""layWorld.frmDialogerEx.edtdialogerTest"",""$L:help_606_fail_1$"",300)&&HelpEntryWait(150)",
607,接受任务557<剿灭大血精灵>(点击“接受”按钮来接受任务),$L:help_607_title$,$L:help_607_desc$,,0,"ShowUiHelpHint(""layWorld.frmTaskEx.btAction"",""$L:help_607_fail_1$"",300)",
608,执行任务557<剿灭大血精灵>(检查),,,,"HelpGetValue(""Level"")<6&&HelpGetValue(""task557"")<3;HelpGetValue(""task557"")=1",HelpCaptureClose&&HideObjectHelpHint(2356);HelpUnAcive&&HideObjectHelpHint(2356),HideObjectHelpHint(2356)
609,执行任务557<剿灭大血精灵>(打开任务界面),$L:help_609_title$,$L:help_609_desc$,"PosCheckClt(659,1182,1,100)||ObjectDistance(3119)<120","UiVisible(""layWorld.frmTaskListEx"")","ShowUiHelpHint(""layWorld.frmSystemButtonEx.cbTask"",""$L:help_609_fail_1$"",300)&&HelpEntryWait(150)",
610,执行任务557<剿灭大血精灵>(找到NPC),$L:help_610_title$,$L:help_610_desc$,,"PosCheckClt(659,1182,1,100)||ObjectDistance(3119)<400","ShowUiHelpHint(""layWorld.frmTaskListEx.tlTask"",""$L:help_610_fail_1$"",300)&&ShowUiHelpHint(""layWorld.frmTaskListEx.ebTaskText"",""$L:help_610_fail_2$"",300)&&HelpEntryWait(150)",
611,执行任务557<剿灭大血精灵>(提示关闭任务界面),$L:help_611_title$,$L:help_611_desc$,,"!UiVisible(""layWorld.frmTaskListEx"")","ShowUiHelpHint(""layWorld.frmTaskListEx.$L:aaa$Close"",""$L:help_611_fail_1$"",300)&&HelpEntryWait(150)",
612,执行任务557<剿灭大血精灵>(打开道具栏),$L:help_612_title$,$L:help_612_desc$,"ObjectDistance(3119)<120&&HelpGetValue(""item3010"")<3","UiVisible(""layWorld.frmItemEx"")","ShowUiHelpHint(""layWorld.frmSystemButtonEx.cbItem"",""$L:help_612_fail_1$"",300)&&HelpEntryWait(150)",
613,执行任务557<剿灭大血精灵>(切换到普通道具栏),$L:help_613_title$,$L:help_613_desc$,"ObjectDistance(3119)<120&&HelpGetValue(""item3010"")<3","UiVisible(HelpGetValue(""itembutton3010""))","ShowUiHelpHint(""layWorld.frmItemEx.btCommon"",""$L:help_613_fail_1$"",300)&&HelpEntryWait(150)",
614,执行任务557<剿灭大血精灵>(使用指定道具),$L:help_614_title$,$L:help_614_desc$,,"ObjectDistance(3119)<120&&HelpGetValue(""item3010"")<3","ShowUiHelpHint(HelpGetValue(""itembutton3010""),""$L:help_614_fail_1$"",300)&&HelpEntryWait(150)",
615,执行任务557<剿灭大血精灵>(关闭界面),$L:help_615_title$,$L:help_615_desc$,,"!UiVisible(""layWorld.frmItemEx"")","ShowUiHelpHint(""layWorld.frmItemEx.$L:aaa$Close"",""$L:help_615_fail_1$"",300)&&HelpEntryWait(150)",
616,执行任务557<剿灭大血精灵>(杀),$L:help_616_title$,$L:help_616_desc$,,0,"ShowObjectHelpHint(3119,2356)&&ShowUiHelpHint(""layWorld.frmSystemButtonEx.MainBarShortcutGroup1.btShortcut1"",""$L:help_616_fail_1$"",300)",HideObjectHelpHint(2356)
617,完成任务557<剿灭大血精灵>(检查),,,,"HelpGetValue(""Level"")<6&&HelpGetValue(""task557"")<3",HelpCaptureClose&&HideObjectHelpHint(2356),HideObjectHelpHint(2356)
618,完成任务557<剿灭大血精灵>(打开任务界面),$L:help_618_title$,$L:help_618_desc$,ObjectDistance(3103)<120,"UiVisible(""layWorld.frmTaskListEx"")","ShowUiHelpHint(""layWorld.frmSystemButtonEx.cbTask"",""$L:help_618_fail_1$"",300)&&HelpEntryWait(150)",
619,完成任务557<剿灭大血精灵>(找到NPC),$L:help_619_title$,$L:help_619_desc$,,ObjectDistance(3103)<120,"ShowUiHelpHint(""layWorld.frmTaskListEx.tlTask"",""$L:help_619_fail_1$"",300)&&ShowUiHelpHint(""layWorld.frmTaskListEx.ebTaskText"",""$L:help_619_fail_2$"",300)&&HelpEntryWait(150)",
620,完成任务557<剿灭大血精灵>(提示关闭任务界面),$L:help_620_title$,$L:help_620_desc$,,"!UiVisible(""layWorld.frmTaskListEx"")","ShowUiHelpHint(""layWorld.frmTaskListEx.$L:aaa$Close"",""$L:help_620_fail_1$"",300)&&HelpEntryWait(150)",
621,完成任务557<剿灭大血精灵>(点击NPC打开对话窗口),$L:help_621_title$,$L:help_621_desc$,,"HelpGetValue(""targetid"")=3103&&(UiVisible(""layWorld.frmDialogerEx"")||UiVisible(""layWorld.frmTaskEx""))","ShowObjectHelpHint(3103,2356)",HideObjectHelpHint(2356)
622,完成任务557<剿灭大血精灵>(点击任务),$L:help_622_title$,$L:help_622_desc$,,"UiVisible(""layWorld.frmTaskEx"")","ShowUiHelpHint(""layWorld.frmDialogerEx.edtdialogerTest"",""$L:help_622_fail_1$"",300)&&HelpEntryWait(150)",
623,完成任务557<剿灭大血精灵>(点击完成),$L:help_623_title$,$L:help_623_desc$,,0,"ShowUiHelpHint(""layWorld.frmTaskEx.btAction"",""$L:help_623_fail_1$"",300)&&HelpEntryWait(150)",
701,接受任务558<血精灵的秘密>(检查),,,,"HelpGetValue(""Level"")<8&&HelpGetValue(""task558"")<3;HelpGetValue(""task558"")=0",HelpCaptureClose&&HideObjectHelpHint(2356);HelpUnAcive&&HideObjectHelpHint(2356),HideObjectHelpHint(2356)
702,接受任务558<血精灵的秘密>(打开任务界面),$L:help_702_title$,$L:help_702_desc$,ObjectDistance(3103)<120,"UiVisible(""layWorld.frmTaskListEx"")","ShowUiHelpHint(""layWorld.frmSystemButtonEx.cbTask"",""$L:help_702_fail_1$"",300)&&HelpEntryWait(150)",
703,接受任务558<血精灵的秘密>(找到NPC),$L:help_703_title$,$L:help_703_desc$,,ObjectDistance(3103)<120,"ShowUiHelpHint(""layWorld.frmTaskListEx.tlTask"",""$L:help_703_fail_1$"",300)&&ShowUiHelpHint(""layWorld.frmTaskListEx.ebTaskText"",""$L:help_703_fail_2$"",300)&&HelpEntryWait(150)",
704,接受任务558<血精灵的秘密>(提示关闭任务界面),$L:help_704_title$,$L:help_704_desc$,,"!UiVisible(""layWorld.frmTaskListEx"")","ShowUiHelpHint(""layWorld.frmTaskListEx.$L:aaa$Close"",""$L:help_704_fail_1$"",300)&&HelpEntryWait(150)",
705,接受任务558<血精灵的秘密>(点击NPC打开对话窗口),$L:help_705_title$,$L:help_705_desc$,,"HelpGetValue(""targetid"")=3103&&(UiVisible(""layWorld.frmDialogerEx"")||UiVisible(""layWorld.frmTaskEx""))","ShowObjectHelpHint(3103,2356)",HideObjectHelpHint(2356)
706,接受任务558<血精灵的秘密>(点击任务),$L:help_706_title$,$L:help_706_desc$,,"UiVisible(""layWorld.frmTaskEx"")","ShowUiHelpHint(""layWorld.frmDialogerEx.edtdialogerTest"",""$L:help_706_fail_1$"",300)&&HelpEntryWait(150)",
707,接受任务558<血精灵的秘密>(点击“接受”按钮来接受任务),$L:help_707_title$,$L:help_707_desc$,,0,"ShowUiHelpHint(""layWorld.frmTaskEx.btAction"",""$L:help_707_fail_1$"",300)",
708,完成任务558<血精灵的秘密>(检查),,,,"HelpGetValue(""Level"")<8&&HelpGetValue(""task558"")<3",HelpCaptureClose&&HideObjectHelpHint(2356),HideObjectHelpHint(2356)
709,完成任务558<血精灵的秘密>(打开任务界面),$L:help_709_title$,$L:help_709_desc$,ObjectDistance(3109)<120,"UiVisible(""layWorld.frmTaskListEx"")","ShowUiHelpHint(""layWorld.frmSystemButtonEx.cbTask"",""$L:help_709_fail_1$"",300)&&HelpEntryWait(150)",
710,完成任务558<血精灵的秘密>(找到NPC),$L:help_710_title$,$L:help_710_desc$,,ObjectDistance(3109)<120,"ShowUiHelpHint(""layWorld.frmTaskListEx.tlTask"",""$L:help_710_fail_1$"",300)&&ShowUiHelpHint(""layWorld.frmTaskListEx.ebTaskText"",""$L:help_710_fail_2$"",300)&&HelpEntryWait(150)",
711,完成任务558<血精灵的秘密>(提示关闭任务界面),$L:help_711_title$,$L:help_711_desc$,,"!UiVisible(""layWorld.frmTaskListEx"")","ShowUiHelpHint(""layWorld.frmTaskListEx.$L:aaa$Close"",""$L:help_711_fail_1$"",300)&&HelpEntryWait(150)",
712,完成任务558<血精灵的秘密>(点击NPC打开对话窗口),$L:help_712_title$,$L:help_712_desc$,,"HelpGetValue(""targetid"")=3109&&(UiVisible(""layWorld.frmDialogerEx"")||UiVisible(""layWorld.frmTaskEx""))","ShowObjectHelpHint(3109,2356)",HideObjectHelpHint(2356)
713,完成任务558<血精灵的秘密>(点击任务),$L:help_713_title$,$L:help_713_desc$,,"UiVisible(""layWorld.frmTaskEx"")","ShowUiHelpHint(""layWorld.frmDialogerEx.edtdialogerTest"",""$L:help_713_fail_1$"",300)&&HelpEntryWait(150)",
714,完成任务558<血精灵的秘密>(点击完成),$L:help_714_title$,$L:help_714_desc$,,0,"ShowUiHelpHint(""layWorld.frmTaskEx.btAction"",""$L:help_714_fail_1$"",300)&&HelpEntryWait(150)",
801,接受任务559<试炼>(检查),,,,"HelpGetValue(""Level"")<8&&HelpGetValue(""task559"")<3;HelpGetValue(""task559"")=0",HelpCaptureClose&&HideObjectHelpHint(2356);HelpUnAcive&&HideObjectHelpHint(2356),HideObjectHelpHint(2356)
802,接受任务559<试炼>(打开任务界面),$L:help_802_title$,$L:help_802_desc$,ObjectDistance(3109)<120,"UiVisible(""layWorld.frmTaskListEx"")","ShowUiHelpHint(""layWorld.frmSystemButtonEx.cbTask"",""$L:help_802_fail_1$"",300)&&HelpEntryWait(150)",
803,接受任务559<试炼>(找到NPC),$L:help_803_title$,$L:help_803_desc$,,ObjectDistance(3109)<120,"ShowUiHelpHint(""layWorld.frmTaskListEx.tlTask"",""$L:help_803_fail_1$"",300)&&ShowUiHelpHint(""layWorld.frmTaskListEx.ebTaskText"",""$L:help_803_fail_2$"",300)&&HelpEntryWait(150)",
804,接受任务559<试炼>(提示关闭任务界面),$L:help_804_title$,$L:help_804_desc$,,"!UiVisible(""layWorld.frmTaskListEx"")","ShowUiHelpHint(""layWorld.frmTaskListEx.$L:aaa$Close"",""$L:help_804_fail_1$"",300)&&HelpEntryWait(150)",
805,接受任务559<试炼>(点击NPC打开对话窗口),$L:help_805_title$,$L:help_805_desc$,,"HelpGetValue(""targetid"")=3109&&(UiVisible(""layWorld.frmDialogerEx"")||UiVisible(""layWorld.frmTaskEx""))","ShowObjectHelpHint(3109,2356)",HideObjectHelpHint(2356)
806,接受任务559<试炼>(点击任务),$L:help_806_title$,$L:help_806_desc$,,"UiVisible(""layWorld.frmTaskEx"")","ShowUiHelpHint(""layWorld.frmDialogerEx.edtdialogerTest"",""$L:help_806_fail_1$"",300)&&HelpEntryWait(150)",
807,接受任务559<试炼>(点击“接受”按钮来接受任务),$L:help_807_title$,$L:help_807_desc$,,0,"ShowUiHelpHint(""layWorld.frmTaskEx.btAction"",""$L:help_807_fail_1$"",300)",
808,执行任务559<试炼>(检查),,,,"HelpGetValue(""Level"")<8&&HelpGetValue(""task559"")<3;HelpGetValue(""task559"")=1",HelpCaptureClose&&HideObjectHelpHint(2356);HelpUnAcive&&HideObjectHelpHint(2356),HideObjectHelpHint(2356)
809,执行任务559<试炼>(打开任务界面),$L:help_809_title$,$L:help_809_desc$,ObjectDistance(3104)<120,"UiVisible(""layWorld.frmTaskListEx"")","ShowUiHelpHint(""layWorld.frmSystemButtonEx.cbTask"",""$L:help_809_fail_1$"",300)&&HelpEntryWait(150)",
810,执行任务559<试炼>(找到NPC),$L:help_810_title$,$L:help_810_desc$,,ObjectDistance(3104)<120,"ShowUiHelpHint(""layWorld.frmTaskListEx.tlTask"",""$L:help_810_fail_1$"",300)&&ShowUiHelpHint(""layWorld.frmTaskListEx.ebTaskText"",""$L:help_810_fail_2$"",300)&&HelpEntryWait(150)",
811,执行任务559<试炼>(提示关闭任务界面),$L:help_811_title$,$L:help_811_desc$,,"!UiVisible(""layWorld.frmTaskListEx"")","ShowUiHelpHint(""layWorld.frmTaskListEx.$L:aaa$Close"",""$L:help_811_fail_1$"",300)&&HelpEntryWait(150)",
812,执行任务559<试炼>(右键点击NPC),$L:help_812_title$,$L:help_812_desc$,,0,"ShowObjectHelpHint(3104,2356)",
814,完成任务559<试炼>(检查),,,,"HelpGetValue(""Level"")<8&&HelpGetValue(""task559"")<3",HelpCaptureClose&&HideObjectHelpHint(2356),HideObjectHelpHint(2356)
815,完成任务559<试炼>(打开任务界面),$L:help_815_title$,$L:help_815_desc$,ObjectDistance(3109)<120,"UiVisible(""layWorld.frmTaskListEx"")","ShowUiHelpHint(""layWorld.frmSystemButtonEx.cbTask"",""$L:help_815_fail_1$"",300)&&HelpEntryWait(150)",
816,完成任务559<试炼>(找到NPC),$L:help_816_title$,$L:help_816_desc$,,ObjectDistance(3109)<120,"ShowUiHelpHint(""layWorld.frmTaskListEx.tlTask"",""$L:help_816_fail_1$"",300)&&ShowUiHelpHint(""layWorld.frmTaskListEx.ebTaskText"",""$L:help_816_fail_2$"",300)&&HelpEntryWait(150)",
817,完成任务559<试炼>(提示关闭任务界面),$L:help_817_title$,$L:help_817_desc$,,"!UiVisible(""layWorld.frmTaskListEx"")","ShowUiHelpHint(""layWorld.frmTaskListEx.$L:aaa$Close"",""$L:help_817_fail_1$"",300)&&HelpEntryWait(150)",
818,完成任务559<试炼>(点击NPC打开对话窗口),$L:help_818_title$,$L:help_818_desc$,,"HelpGetValue(""targetid"")=3109&&(UiVisible(""layWorld.frmDialogerEx"")||UiVisible(""layWorld.frmTaskEx""))","ShowObjectHelpHint(3109,2356)",HideObjectHelpHint(2356)
819,完成任务559<试炼>(点击任务),$L:help_819_title$,$L:help_819_desc$,,"UiVisible(""layWorld.frmTaskEx"")","ShowUiHelpHint(""layWorld.frmDialogerEx.edtdialogerTest"",""$L:help_819_fail_1$"",300)&&HelpEntryWait(150)",
820,完成任务559<试炼>(点击完成),$L:help_820_title$,$L:help_820_desc$,,0,"ShowUiHelpHint(""layWorld.frmTaskEx.btAction"",""$L:help_820_fail_1$"",300)&&HelpEntryWait(150)",
901,接受任务560<下山>(检查),,,,"HelpGetValue(""Level"")<8&&HelpGetValue(""task560"")<3;HelpGetValue(""task560"")=0",HelpCaptureClose&&HideObjectHelpHint(2356);HelpUnAcive&&HideObjectHelpHint(2356),HideObjectHelpHint(2356)
902,接受任务560<下山>(打开任务界面),$L:help_902_title$,$L:help_902_desc$,ObjectDistance(3109)<120,"UiVisible(""layWorld.frmTaskListEx"")","ShowUiHelpHint(""layWorld.frmSystemButtonEx.cbTask"",""$L:help_902_fail_1$"",300)&&HelpEntryWait(150)",
903,接受任务560<下山>(找到NPC),$L:help_903_title$,$L:help_903_desc$,,ObjectDistance(3109)<120,"ShowUiHelpHint(""layWorld.frmTaskListEx.tlTask"",""$L:help_903_fail_1$"",300)&&ShowUiHelpHint(""layWorld.frmTaskListEx.ebTaskText"",""$L:help_903_fail_2$"",300)&&HelpEntryWait(150)",
904,接受任务560<下山>(提示关闭任务界面),$L:help_904_title$,$L:help_904_desc$,,"!UiVisible(""layWorld.frmTaskListEx"")","ShowUiHelpHint(""layWorld.frmTaskListEx.$L:aaa$Close"",""$L:help_904_fail_1$"",300)&&HelpEntryWait(150)",
905,接受任务560<下山>(点击NPC打开对话窗口),$L:help_905_title$,$L:help_905_desc$,,"HelpGetValue(""targetid"")=3109&&(UiVisible(""layWorld.frmDialogerEx"")||UiVisible(""layWorld.frmTaskEx""))","ShowObjectHelpHint(3109,2356)",HideObjectHelpHint(2356)
906,接受任务560<下山>(点击任务),$L:help_906_title$,$L:help_906_desc$,,"UiVisible(""layWorld.frmTaskEx"")","ShowUiHelpHint(""layWorld.frmDialogerEx.edtdialogerTest"",""$L:help_906_fail_1$"",300)&&HelpEntryWait(150)",
907,接受任务560<下山>(点击“接受”按钮来接受任务),$L:help_907_title$,$L:help_907_desc$,,0,"ShowUiHelpHint(""layWorld.frmTaskEx.btAction"",""$L:help_907_fail_1$"",300)",
908,完成任务560<下山>(检查),,,,"HelpGetValue(""Level"")<8&&HelpGetValue(""task560"")<3",HelpCaptureClose&&HideObjectHelpHint(2356),HideObjectHelpHint(2356)
909,完成任务560<下山>(打开任务界面),$L:help_909_title$,$L:help_909_desc$,ObjectDistance(127)<120,"UiVisible(""layWorld.frmTaskListEx"")","ShowUiHelpHint(""layWorld.frmSystemButtonEx.cbTask"",""$L:help_909_fail_1$"",300)&&HelpEntryWait(150)",
910,完成任务560<下山>(找到NPC),$L:help_910_title$,$L:help_910_desc$,,ObjectDistance(127)<120,"ShowUiHelpHint(""layWorld.frmTaskListEx.tlTask"",""$L:help_910_fail_1$"",300)&&ShowUiHelpHint(""layWorld.frmTaskListEx.ebTaskText"",""$L:help_910_fail_2$"",300)&&HelpEntryWait(150)",
911,完成任务560<下山>(提示关闭任务界面),$L:help_911_title$,$L:help_911_desc$,,"!UiVisible(""layWorld.frmTaskListEx"")","ShowUiHelpHint(""layWorld.frmTaskListEx.$L:aaa$Close"",""$L:help_911_fail_1$"",300)&&HelpEntryWait(150)",
912,完成任务560<下山>(点击NPC打开对话窗口),$L:help_912_title$,$L:help_912_desc$,,"HelpGetValue(""targetid"")=127&&(UiVisible(""layWorld.frmDialogerEx"")||UiVisible(""layWorld.frmTaskEx""))","ShowObjectHelpHint(127,2356)",HideObjectHelpHint(2356)
913,完成任务560<下山>(点击任务),$L:help_913_title$,$L:help_913_desc$,,"UiVisible(""layWorld.frmTaskEx"")","ShowUiHelpHint(""layWorld.frmDialogerEx.edtdialogerTest"",""$L:help_913_fail_1$"",300)&&HelpEntryWait(150)",
914,完成任务560<下山>(点击完成),$L:help_914_title$,$L:help_914_desc$,,0,"ShowUiHelpHint(""layWorld.frmTaskEx.btAction"",""$L:help_914_fail_1$"",300)&&HelpEntryWait(150)",
1001,接受任务11<袒护的山狼>(检查),,,,"HelpGetValue(""Level"")<8&&HelpGetValue(""task11"")<3;HelpGetValue(""task11"")=0",HelpCaptureClose&&HideObjectHelpHint(2356);HelpUnAcive&&HideObjectHelpHint(2356),HideObjectHelpHint(2356)
1002,接受任务11<袒护的山狼>(打开任务界面),$L:help_1002_title$,$L:help_1002_desc$,ObjectDistance(127)<120,"UiVisible(""layWorld.frmTaskListEx"")","ShowUiHelpHint(""layWorld.frmSystemButtonEx.cbTask"",""$L:help_1002_fail_1$"",300)&&HelpEntryWait(150)",
1003,接受任务11<袒护的山狼>(找到NPC),$L:help_1003_title$,$L:help_1003_desc$,,ObjectDistance(127)<120,"ShowUiHelpHint(""layWorld.frmTaskListEx.tlTask"",""$L:help_1003_fail_1$"",300)&&ShowUiHelpHint(""layWorld.frmTaskListEx.ebTaskText"",""$L:help_1003_fail_2$"",300)&&HelpEntryWait(150)",
1004,接受任务11<袒护的山狼>(提示关闭任务界面),$L:help_1004_title$,$L:help_1004_desc$,,"!UiVisible(""layWorld.frmTaskListEx"")","ShowUiHelpHint(""layWorld.frmTaskListEx.$L:aaa$Close"",""$L:help_1004_fail_1$"",300)&&HelpEntryWait(150)",
1005,接受任务11<袒护的山狼>(点击NPC打开对话窗口),$L:help_1005_title$,$L:help_1005_desc$,,"HelpGetValue(""targetid"")=127&&(UiVisible(""layWorld.frmDialogerEx"")||UiVisible(""layWorld.frmTaskEx""))","ShowObjectHelpHint(127,2356)",HideObjectHelpHint(2356)
1006,接受任务11<袒护的山狼>(点击任务),$L:help_1006_title$,$L:help_1006_desc$,,"UiVisible(""layWorld.frmTaskEx"")","ShowUiHelpHint(""layWorld.frmDialogerEx.edtdialogerTest"",""$L:help_1006_fail_1$"",300)&&HelpEntryWait(150)",
1007,接受任务11<袒护的山狼>(点击“接受”按钮来接受任务),$L:help_1007_title$,$L:help_1007_desc$,,0,"ShowUiHelpHint(""layWorld.frmTaskEx.btAction"",""$L:help_1007_fail_1$"",300)",
1008,执行任务11<袒护的山狼>(检查),,,,"HelpGetValue(""Level"")<8&&HelpGetValue(""task11"")<3;HelpGetValue(""task11"")=1",HelpCaptureClose&&HideObjectHelpHint(2356);HelpUnAcive&&HideObjectHelpHint(2356),HideObjectHelpHint(2356)
1009,执行任务11<袒护的山狼>(打开任务界面),$L:help_1009_title$,$L:help_1009_desc$,ObjectDistance(2)<120,"UiVisible(""layWorld.frmTaskListEx"")","ShowUiHelpHint(""layWorld.frmSystemButtonEx.cbTask"",""$L:help_1009_fail_1$"",300)&&HelpEntryWait(150)",
1010,执行任务11<袒护的山狼>(找到NPC),$L:help_1010_title$,$L:help_1010_desc$,,ObjectDistance(2)<120,"ShowUiHelpHint(""layWorld.frmTaskListEx.tlTask"",""$L:help_1010_fail_1$"",300)&&ShowUiHelpHint(""layWorld.frmTaskListEx.ebTaskText"",""$L:help_1010_fail_1$"",300)&&HelpEntryWait(150)",
1011,执行任务11<袒护的山狼>(提示关闭任务界面),$L:help_1011_title$,$L:help_1011_desc$,,"!UiVisible(""layWorld.frmTaskListEx"")","ShowUiHelpHint(""layWorld.frmTaskListEx.$L:aaa$Close"",""$L:help_1011_fail_1$"",300)&&HelpEntryWait(150)",
1012,执行任务11<袒护的山狼>(杀),$L:help_1012_title$,$L:help_1012_desc$,,0,"ShowObjectHelpHint(2,2356)",HideObjectHelpHint(2356)
1013,完成任务11<袒护的山狼>(检查),,,,"HelpGetValue(""Level"")<8&&HelpGetValue(""task11"")<3",HelpCaptureClose&&HideObjectHelpHint(2356),HideObjectHelpHint(2356)
1014,完成任务11<袒护的山狼>(打开任务界面),$L:help_1014_title$,$L:help_1014_desc$,ObjectDistance(5478)<120,"UiVisible(""layWorld.frmTaskListEx"")","ShowUiHelpHint(""layWorld.frmSystemButtonEx.cbTask"",""$L:help_1014_fail_1$"",300)&&HelpEntryWait(150)",
1015,完成任务11<袒护的山狼>(找到NPC),$L:help_1015_title$,$L:help_1015_desc$,,ObjectDistance(5478)<120,"ShowUiHelpHint(""layWorld.frmTaskListEx.tlTask"",""$L:help_1015_fail_1$"",300)&&ShowUiHelpHint(""layWorld.frmTaskListEx.ebTaskText"",""$L:help_1015_fail_2$"",300)&&HelpEntryWait(150)",
1016,完成任务11<袒护的山狼>(提示关闭任务界面),$L:help_1016_title$,$L:help_1016_desc$,,"!UiVisible(""layWorld.frmTaskListEx"")","ShowUiHelpHint(""layWorld.frmTaskListEx.$L:aaa$Close"",""$L:help_1016_fail_1$"",300)&&HelpEntryWait(150)",
1017,完成任务11<袒护的山狼>(点击NPC打开对话窗口),$L:help_1017_title$,$L:help_1017_desc$,,"HelpGetValue(""targetid"")=5478&&(UiVisible(""layWorld.frmDialogerEx"")||UiVisible(""layWorld.frmTaskEx""))","ShowObjectHelpHint(5478,2356)",HideObjectHelpHint(2356)
1018,完成任务11<袒护的山狼>(点击任务),$L:help_1018_title$,$L:help_1018_desc$,,"UiVisible(""layWorld.frmTaskEx"")","ShowUiHelpHint(""layWorld.frmDialogerEx.edtdialogerTest"",""$L:help_1018_fail_1$"",300)&&HelpEntryWait(150)",
1019,完成任务11<袒护的山狼>(点击完成),$L:help_1019_title$,$L:help_1019_desc$,,0,"ShowUiHelpHint(""layWorld.frmTaskEx.btAction"",""$L:help_1019_fail_1$"",300)&&HelpEntryWait(150)",
1101,接受任务25<村民的口粮>(检查),,,,"HelpGetValue(""Level"")<8&&HelpGetValue(""task25"")<3;HelpGetValue(""task25"")=0",HelpCaptureClose&&HideObjectHelpHint(2356);HelpUnAcive&&HideObjectHelpHint(2356),HideObjectHelpHint(2356)
1102,接受任务25<村民的口粮>(打开任务界面),$L:help_1102_title$,$L:help_1102_desc$,ObjectDistance(5478)<120,"UiVisible(""layWorld.frmTaskListEx"")","ShowUiHelpHint(""layWorld.frmSystemButtonEx.cbTask"",""$L:help_1102_fail_1$"",300)&&HelpEntryWait(150)",
1103,接受任务25<村民的口粮>(找到NPC),$L:help_1103_title$,$L:help_1103_desc$,,ObjectDistance(5478)<120,"ShowUiHelpHint(""layWorld.frmTaskListEx.tlTask"",""$L:help_1103_fail_1$"",300)&&ShowUiHelpHint(""layWorld.frmTaskListEx.ebTaskText"",""$L:help_1103_fail_2$"",300)&&HelpEntryWait(150)",
1104,接受任务25<村民的口粮>(提示关闭任务界面),$L:help_1104_title$,$L:help_1104_desc$,,"!UiVisible(""layWorld.frmTaskListEx"")","ShowUiHelpHint(""layWorld.frmTaskListEx.$L:aaa$Close"",""$L:help_1104_fail_1$"",300)&&HelpEntryWait(150)",
1105,接受任务25<村民的口粮>(点击NPC打开对话窗口),$L:help_1105_title$,$L:help_1105_desc$,,"HelpGetValue(""targetid"")=5478&&(UiVisible(""layWorld.frmDialogerEx"")||UiVisible(""layWorld.frmTaskEx""))","ShowObjectHelpHint(5478,2356)",HideObjectHelpHint(2356)
1106,接受任务25<村民的口粮>(点击任务),$L:help_1106_title$,$L:help_1106_desc$,,"UiVisible(""layWorld.frmTaskEx"")","ShowUiHelpHint(""layWorld.frmDialogerEx.edtdialogerTest"",""$L:help_1106_fail_1$"",300)&&HelpEntryWait(150)",
1107,接受任务25<村民的口粮>(点击“接受”按钮来接受任务),$L:help_1107_title$,$L:help_1107_desc$,,0,"ShowUiHelpHint(""layWorld.frmTaskEx.btAction"",""$L:help_1107_fail_1$"",300)",
1108,执行任务25<村民的口粮>(检查),,,,"HelpGetValue(""Level"")<8&&HelpGetValue(""task25"")<3;HelpGetValue(""task25"")=1",HelpCaptureClose&&HideObjectHelpHint(2356);HelpUnAcive&&HideObjectHelpHint(2356),HideObjectHelpHint(2356)
1109,执行任务25<村民的口粮>(打开任务界面),$L:help_1109_title$,$L:help_1109_desc$,"HelpGetValue(""item350"")>=3||ObjectDistance(216)<120","UiVisible(""layWorld.frmTaskListEx"")","ShowUiHelpHint(""layWorld.frmSystemButtonEx.cbTask"",""$L:help_1109_fail_1$"",300)&&HelpEntryWait(150)",
1110,执行任务25<村民的口粮>(找到NPC),$L:help_1110_title$,$L:help_1110_desc$,"HelpGetValue(""item350"")>=3",ObjectDistance(216)<120,"ShowUiHelpHint(""layWorld.frmTaskListEx.tlTask"",""$L:help_1110_fail_1$"",300)&&ShowUiHelpHint(""layWorld.frmTaskListEx.ebTaskText"",""$L:help_1110_fail_2$"",300)&&HelpEntryWait(150)",
1111,执行任务25<村民的口粮>(提示关闭任务界面),$L:help_1111_title$,$L:help_1111_desc$,"HelpGetValue(""item350"")>=3","!UiVisible(""layWorld.frmTaskListEx"")","ShowUiHelpHint(""layWorld.frmTaskListEx.$L:aaa$Close"",""$L:help_1111_fail_1$"",300)&&HelpEntryWait(150)",
1112,执行任务25<村民的口粮>(杀),$L:help_1112_title$,$L:help_1112_desc$,,"HelpGetValue(""item350"")>=3","ShowObjectHelpHint(216,2356)",HideObjectHelpHint(2356)
1113,执行任务25<村民的口粮>(打开任务界面),$L:help_1113_title$,$L:help_1113_desc$,"HelpGetValue(""item352"")>=3||ObjectDistance(217)<120","UiVisible(""layWorld.frmTaskListEx"")","ShowUiHelpHint(""layWorld.frmSystemButtonEx.cbTask"",""$L:help_1113_fail_1$"",300)&&HelpEntryWait(150)",
1114,执行任务25<村民的口粮>(找到NPC),$L:help_1114_title$,$L:help_1114_desc$,"HelpGetValue(""item352"")>=3",ObjectDistance(217)<120,"ShowUiHelpHint(""layWorld.frmTaskListEx.tlTask"",""$L:help_1114_fail_1$"",300)&&ShowUiHelpHint(""layWorld.frmTaskListEx.ebTaskText"",""$L:help_1114_fail_1$"",300)&&HelpEntryWait(150)",
1115,执行任务25<村民的口粮>(提示关闭任务界面),$L:help_1115_title$,$L:help_1115_desc$,"HelpGetValue(""item352"")>=3","!UiVisible(""layWorld.frmTaskListEx"")","ShowUiHelpHint(""layWorld.frmTaskListEx.$L:aaa$Close"",""$L:help_1115_fail_1$"",300)&&HelpEntryWait(150)",
1116,执行任务25<村民的口粮>(杀),$L:help_1116_title$,$L:help_1116_desc$,,0,"ShowObjectHelpHint(217,2356)",HideObjectHelpHint(2356)
1117,完成任务25<村民的口粮>(检查),,,,"HelpGetValue(""Level"")<8&&HelpGetValue(""task25"")<3",HelpCaptureClose&&HideObjectHelpHint(2356),HideObjectHelpHint(2356)
1118,完成任务25<村民的口粮>(打开任务界面),$L:help_1118_title$,$L:help_1118_desc$,ObjectDistance(5478)<120,"UiVisible(""layWorld.frmTaskListEx"")","ShowUiHelpHint(""layWorld.frmSystemButtonEx.cbTask"",""$L:help_1118_fail_1$"",300)&&HelpEntryWait(150)",
1119,完成任务25<村民的口粮>(找到NPC),$L:help_1119_title$,$L:help_1119_desc$,,ObjectDistance(5478)<120,"ShowUiHelpHint(""layWorld.frmTaskListEx.tlTask"",""$L:help_1119_fail_1$"",300)&&ShowUiHelpHint(""layWorld.frmTaskListEx.ebTaskText"",""$L:help_1119_fail_1$"",300)&&HelpEntryWait(150)",
1120,完成任务25<村民的口粮>(提示关闭任务界面),$L:help_1120_title$,$L:help_1120_desc$,,"!UiVisible(""layWorld.frmTaskListEx"")","ShowUiHelpHint(""layWorld.frmTaskListEx.$L:aaa$Close"",""$L:help_1120_fail_1$"",300)&&HelpEntryWait(150)",
1121,完成任务25<村民的口粮>(点击NPC打开对话窗口),$L:help_1121_title$,$L:help_1121_desc$,,"HelpGetValue(""targetid"")=5478&&(UiVisible(""layWorld.frmDialogerEx"")||UiVisible(""layWorld.frmTaskEx""))","ShowObjectHelpHint(5478,2356)",HideObjectHelpHint(2356)
1122,完成任务25<村民的口粮>(点击任务),$L:help_1122_title$,$L:help_1122_desc$,,"UiVisible(""layWorld.frmTaskEx"")","ShowUiHelpHint(""layWorld.frmDialogerEx.edtdialogerTest"",""$L:help_1122_fail_1$"",300)&&HelpEntryWait(150)",
1123,完成任务25<村民的口粮>(点击完成),$L:help_1123_title$,$L:help_1123_desc$,,0,"ShowUiHelpHint(""layWorld.frmTaskEx.btAction"",""$L:help_1123_fail_1$"",300)&&HelpEntryWait(150)",
1201,鉴定装备(检查),,,,"HelpGetValue(""Level"")<8",HelpCaptureClose&&HideObjectHelpHint(2356),HideObjectHelpHint(2356)
1202,鉴定装备(打开周边信息界面),$L:help_1202_title$,$L:help_1202_desc$,HelpEntrySuccessed(1209)||ObjectDistance(5040)<120,"UiVisible(""layWorld.FrmNearby"")","ShowUiHelpHint(""layWorld.frmMiniMap.btnearby"",""$L:help_1202_fail_1$"",300)&&HelpEntryWait(150)",
1203,鉴定装备(切换到附近NPC列表),$L:help_1203_title$,$L:help_1203_desc$,HelpEntrySuccessed(1209)||ObjectDistance(5040)<120,"UiVisible(""layWorld.FrmNearby.lbNpc"")","ShowUiHelpHint(""layWorld.FrmNearby.cbNPC"",""$L:help_1203_fail_1$"",300)","SetUiText(""layWorld.FrmNearby.lbNpc.ebFilter"",""铁匠"")"
1204,鉴定装备(找到NPC),$L:help_1204_title$,$L:help_1204_desc$,HelpEntrySuccessed(1209),ObjectDistance(5040)<120,"ShowUiHelpHint(""layWorld.FrmNearby.lbNpc"",""$L:help_1204_fail_1$"",300)",
1205,鉴定装备(提示打开周边信息界面),$L:help_1205_title$,$L:help_1205_desc$,HelpEntrySuccessed(1209),"!UiVisible(""layWorld.FrmNearby"")","ShowUiHelpHint(""layWorld.FrmNearby.$L:aaa$Close"",""$L:help_1205_fail_1$"",300)&&HelpEntryWait(150)",
1206,鉴定装备(点击NPC打开对话窗口),$L:help_1206_title$,$L:help_1206_desc$,HelpEntrySuccessed(1209),"HelpGetValue(""targetid"")=5040&&(UiVisible(""layWorld.frmDialogerEx"")||UiVisible(""layWorld.frmBuildEx""))","ShowObjectHelpHint(5040,2356)",HideObjectHelpHint(2356)
1207,鉴定装备(点击鉴定),$L:help_1207_title$,$L:help_1207_desc$,HelpEntrySuccessed(1209),"UiVisible(""layWorld.frmBuildEx"")","ShowUiHelpHint(""layWorld.frmDialogerEx.edtdialogerTest"",""$L:help_1207_fail_1$"",300)&&HelpEntryWait(150)",
1208,鉴定装备(打开道具栏),$L:help_1208_title$,$L:help_1208_desc$,HelpEntrySuccessed(1209),"UiVisible(""layWorld.frmItemEx"")","ShowUiHelpHint(""layWorld.frmSystemButtonEx.cbItem"",""$L:help_1208_fail_1$"",300)",
1209,鉴定装备(打开教学图片),$L:help_1209_title$,$L:help_1209_desc$,HelpEntrySuccessed(1209),"UiVisible(""layWorld.frmBuildEx.lbHelpImage"")","ShowUiHelpHint(""layWorld.frmBuildEx.btHelp"",""$L:help_1209_fail_1$"",300)",
1210,鉴定装备(介绍教学图片),$L:help_1210_title$,$L:help_1210_desc$,,"!UiVisible(""layWorld.frmBuildEx"")","ShowUiHelpHint(""layWorld.frmBuildEx.lbHelpImage.$L:aaa$Close"",""$L:help_1210_fail_1$"",300)",
1301,介绍世界地图(检查),,,,"HelpGetValue(""Level"")<10",HelpCaptureClose&&HideObjectHelpHint(2356),HideObjectHelpHint(2356)
1302,介绍世界地图(打开世界地图),$L:help_1302_title$,$L:help_1302_desc$,HelpEntrySuccessed,"UiVisible(""layWorld.frmWorldMap"")","ShowUiHelpHint(""layWorld.frmMap.btWorldMap"",""$L:help_1302_fail_1$"",300)&&HelpEntryWait(150)",
1303,介绍世界地图(介绍世界地图),$L:help_1303_title$,$L:help_1303_desc$,,"!UiVisible(""layWorld.frmWorldMap"")","ShowUiHelpHint(""layWorld.frmWorldMap.$L:aaa$Close"",""$L:help_1303_fail_1$"",300)&&HelpEntryWait(150)",
1401,接受任务853<修炼主法宝>(检查),,,,"HelpGetValue(""Level"")<8&&HelpGetValue(""task853"")<3;HelpGetValue(""task853"")=0",HelpCaptureClose&&HideObjectHelpHint(2356);HelpUnAcive&&HideObjectHelpHint(2356),HideObjectHelpHint(2356)
1402,接受任务853<修炼主法宝>(打开任务界面),$L:help_1402_title$,$L:help_1402_desc$,ObjectDistance(3107)<120,"UiVisible(""layWorld.frmTaskListEx"")","ShowUiHelpHint(""layWorld.frmSystemButtonEx.cbTask"",""$L:help_1402_fail_1$"",300)&&HelpEntryWait(150)",
1403,接受任务853<修炼主法宝>(找到NPC),$L:help_1403_title$,$L:help_1403_desc$,,ObjectDistance(3107)<120,"ShowUiHelpHint(""layWorld.frmTaskListEx.tlTask"",""$L:help_1403_fail_1$"",300)&&ShowUiHelpHint(""layWorld.frmTaskListEx.ebTaskText"",""$L:help_1403_fail_2$"",300)&&HelpEntryWait(150)",
1404,接受任务853<修炼主法宝>(提示关闭任务界面),$L:help_1404_title$,$L:help_1404_desc$,,"!UiVisible(""layWorld.frmTaskListEx"")","ShowUiHelpHint(""layWorld.frmTaskListEx.$L:aaa$Close"",""$L:help_1404_fail_1$"",300)&&HelpEntryWait(150)",
1405,接受任务853<修炼主法宝>(点击NPC打开对话窗口),$L:help_1405_title$,$L:help_1405_desc$,,"HelpGetValue(""targetid"")=3107&&(UiVisible(""layWorld.frmDialogerEx"")||UiVisible(""layWorld.frmTaskEx""))","ShowObjectHelpHint(3107,2356)",HideObjectHelpHint(2356)
1406,接受任务853<修炼主法宝>(点击任务),$L:help_1406_title$,$L:help_1406_desc$,,"UiVisible(""layWorld.frmTaskEx"")","ShowUiHelpHint(""layWorld.frmDialogerEx.edtdialogerTest"",""$L:help_1406_fail_1$"",300)&&HelpEntryWait(150)",
1407,接受任务853<修炼主法宝>(点击“接受”按钮来接受任务),$L:help_1407_title$,$L:help_1407_desc$,,0,"ShowUiHelpHint(""layWorld.frmTaskEx.btAction"",""$L:help_1407_fail_1$"",300)",
1408,执行任务853<修炼主法宝>(检查),,,,"HelpGetValue(""Level"")<8&&HelpGetValue(""task853"")<3;HelpGetValue(""task853"")=1",HelpCaptureClose&&HideObjectHelpHint(2356);HelpUnAcive&&HideObjectHelpHint(2356),HideObjectHelpHint(2356)
1409,执行任务853<修炼主法宝>(打开技能界面),$L:help_1409_title$,$L:help_1409_desc$,"UiVisible(""layWorld.frmPracticeEx"")","UiVisible(""layWorld.frmSkillEx"")","ShowUiHelpHint(""layWorld.frmSystemButtonEx.cbSkill"",""$L:help_1409_fail_1$"",300)&&HelpEntryWait(150)",
1410,执行任务853<修炼主法宝>(里切换到法宝界面),$L:help_1410_title$,$L:help_1410_desc$,"UiVisible(""layWorld.frmPracticeEx"")","UiVisible(""layWorld.frmSkillEx.frmTrumps.btNormal2"")","ShowUiHelpHint(""layWorld.frmSkillEx.btnSkills"",""$L:help_1410_fail_1$"",300)&&HelpEntryWait(150)",
1411,执行任务853<修炼主法宝>(打开法宝修炼界面),$L:help_1411_title$,$L:help_1411_desc$,,"UiVisible(""layWorld.frmPracticeEx"")","ShowUiHelpHint(""layWorld.frmSkillEx.frmTrumps.btNormal2"",""$L:help_1411_fail_1$"",300)&&HelpEntryWait(150)",
1412,执行任务853<修炼主法宝>(开始修炼法宝),$L:help_1412_title$,$L:help_1412_desc$,,0,"ShowUiHelpHint(""layWorld.frmPracticeEx.btOK1"",""$L:help_1412_fail_1$"",300)&&HelpEntryWait(150)",
1413,执行任务853<修炼主法宝>(打开任务界面),$L:help_1413_title$,$L:help_1413_desc$,"HelpGetValue(""item352"")>=3||ObjectDistance(217)<120","UiVisible(""layWorld.frmTaskListEx"")","ShowUiHelpHint(""layWorld.frmSystemButtonEx.cbTask"",""$L:help_1413_fail_1$"",300)&&HelpEntryWait(150)",
1414,完成任务853<修炼主法宝>(检查),,,,"HelpGetValue(""Level"")<8&&HelpGetValue(""task853"")<3",HelpCaptureClose&&HideObjectHelpHint(2356),HideObjectHelpHint(2356)
1415,完成任务853<修炼主法宝>(打开任务界面),$L:help_1415_title$,$L:help_1415_desc$,ObjectDistance(3107)<120,"UiVisible(""layWorld.frmTaskListEx"")","ShowUiHelpHint(""layWorld.frmSystemButtonEx.cbTask"",""$L:help_1415_fail_1$"",300)&&HelpEntryWait(150)",
1416,完成任务853<修炼主法宝>(找到NPC),$L:help_1416_title$,$L:help_1416_desc$,,ObjectDistance(3107)<120,"ShowUiHelpHint(""layWorld.frmTaskListEx.tlTask"",""$L:help_1416_fail_1$"",300)&&ShowUiHelpHint(""layWorld.frmTaskListEx.ebTaskText"",""$L:help_1416_fail_2$"",300)&&HelpEntryWait(150)",
1417,完成任务853<修炼主法宝>(提示关闭任务界面),$L:help_1417_title$,$L:help_1417_desc$,,"!UiVisible(""layWorld.frmTaskListEx"")","ShowUiHelpHint(""layWorld.frmTaskListEx.$L:aaa$Close"",""$L:help_1417_fail_1$"",300)&&HelpEntryWait(150)",
1418,完成任务853<修炼主法宝>(点击NPC打开对话窗口),$L:help_1418_title$,$L:help_1418_desc$,,"HelpGetValue(""targetid"")=3107&&(UiVisible(""layWorld.frmDialogerEx"")||UiVisible(""layWorld.frmTaskEx""))","ShowObjectHelpHint(3107,2356)",HideObjectHelpHint(2356)
1419,完成任务853<修炼主法宝>(点击任务),$L:help_1419_title$,$L:help_1419_desc$,,"UiVisible(""layWorld.frmTaskEx"")","ShowUiHelpHint(""layWorld.frmDialogerEx.edtdialogerTest"",""$L:help_1419_fail_1$"",300)&&HelpEntryWait(150)",
1420,完成任务853<修炼主法宝>(点击完成),$L:help_1420_title$,$L:help_1420_desc$,,0,"ShowUiHelpHint(""layWorld.frmTaskEx.btAction"",""$L:help_1420_fail_1$"",300)&&HelpEntryWait(150)",
1501,调整默认视角,$L:help_1501_title$,$L:help_1501_desc$,,,,"ShowUiHelpHint(""layWorld.frmMiniMap.btReview"",""$L:help_1503_fail_1$"",3000)&&HelpEntryWait(3000)"
1502,调整默认视角<等待>,调整默认视角<等待>,调整默认视角<等待>,,,,
